ADAR;ADAL;EJ;1
ADFL;ADAL;EJ;1
ASHL;ADAL;EJ;1
AVDR;ADAL;EJ;2
PVQL;ADAL;EJ;1
ADAL;ADAR;EJ;1
ADFR;ADAR;EJ;1
ASHR;ADAR;EJ;1
AVDL;ADAR;EJ;2
PVQR;ADAR;EJ;1
AINL;ADEL;EJ;1
AVKR;ADEL;EJ;1
AVKL;ADER;EJ;1
ADAL;ADFL;EJ;1
ADAR;ADFR;EJ;1
AIAR;ADFR;EJ;1
ADLR;ADLL;EJ;1
AVDR;ADLL;EJ;1
OLQVL;ADLL;EJ;1
RMGL;ADLL;EJ;1
ADLL;ADLR;EJ;1
AFDR;AFDL;EJ;1
AIBL;AFDL;EJ;1
AFDL;AFDR;EJ;1
AIBR;AFDR;EJ;1
AIAR;AIAL;EJ;1
ASIL;AIAL;EJ;2
AWAL;AIAL;EJ;1
ADFR;AIAR;EJ;1
AIAL;AIAR;EJ;1
ASIR;AIAR;EJ;2
AWAR;AIAR;EJ;1
AFDL;AIBL;EJ;1
DVC;AIBL;EJ;1
PVT;AIBL;EJ;1
RIGR;AIBL;EJ;3
RIMR;AIBL;EJ;1
RIVL;AIBL;EJ;1
AFDR;AIBR;EJ;1
DB01;AIBR;EJ;1
DVC;AIBR;EJ;2
PVT;AIBR;EJ;1
RIGL;AIBR;EJ;3
RIML;AIBR;EJ;1
RIS;AIBR;EJ;1
RIVR;AIBR;EJ;1
SIBDR;AIML;EJ;1
ADEL;AINL;EJ;1
AINR;AINL;EJ;2
ASGR;AINL;EJ;1
AUAR;AINL;EJ;1
AINL;AINR;EJ;2
ASGL;AINR;EJ;1
AUAL;AINR;EJ;1
AIYR;AIYL;EJ;1
RIML;AIYL;EJ;1
AIYL;AIYR;EJ;1
RIMR;AIYR;EJ;1
AIZR;AIZL;EJ;2
ASGL;AIZL;EJ;1
ASHL;AIZL;EJ;1
AIZL;AIZR;EJ;2
ASGR;AIZR;EJ;1
ASHR;AIZR;EJ;1
AWAR;AIZR;EJ;1
RID;ALA;EJ;1
AVM;ALML;EJ;1
PVR;ALML;EJ;1
AVM;ALMR;EJ;1
SMBDR;ALNL;EJ;1
AVBL;AQR;EJ;1
AVKL;AQR;EJ;2
AVKR;AQR;EJ;1
PVPL;AQR;EJ;7
PVPR;AQR;EJ;9
RIGL;AQR;EJ;2
RIGR;AQR;EJ;1
AVAL;AS01;EJ;3
AVAR;AS01;EJ;2
VA03;AS01;EJ;1
VD02;AS01;EJ;1
DA02;AS02;EJ;1
VA04;AS02;EJ;2
AVAL;AS03;EJ;2
AVAR;AS03;EJ;1
DA02;AS03;EJ;1
VA05;AS03;EJ;2
DA03;AS04;EJ;1
AVAL;AS05;EJ;1
AVAR;AS05;EJ;1
VA07;AS05;EJ;1
AVAL;AS06;EJ;1
AVAR;AS06;EJ;1
AVBR;AS06;EJ;1
DA05;AS06;EJ;2
VA08;AS06;EJ;1
AVAL;AS07;EJ;6
AVAR;AS07;EJ;5
AVBL;AS07;EJ;2
AVBR;AS07;EJ;2
AVAL;AS08;EJ;4
AVAR;AS08;EJ;3
AVAL;AS09;EJ;4
AVAR;AS09;EJ;1
DVB;AS09;EJ;7
AVAL;AS10;EJ;1
AVAR;AS10;EJ;1
PDB;AS11;EJ;2
AINR;ASGL;EJ;1
AIZL;ASGL;EJ;1
AINL;ASGR;EJ;1
AIZR;ASGR;EJ;1
ADAL;ASHL;EJ;1
AIZL;ASHL;EJ;1
ASHR;ASHL;EJ;1
RICL;ASHL;EJ;2
RMGL;ASHL;EJ;1
ADAR;ASHR;EJ;1
AIZR;ASHR;EJ;1
ASHL;ASHR;EJ;1
ASKR;ASHR;EJ;1
RICR;ASHR;EJ;2
RMGR;ASHR;EJ;1
AIAL;ASIL;EJ;2
ASIR;ASIL;EJ;1
AIAR;ASIR;EJ;2
ASIL;ASIR;EJ;1
ASJR;ASJL;EJ;1
ASJL;ASJR;EJ;1
ASKR;ASKL;EJ;1
PVQL;ASKL;EJ;5
RMGL;ASKL;EJ;1
ASHR;ASKR;EJ;1
ASKL;ASKR;EJ;1
PVQR;ASKR;EJ;4
RMGR;ASKR;EJ;1
AINR;AUAL;EJ;1
AUAR;AUAL;EJ;1
AWBL;AUAL;EJ;1
AINL;AUAR;EJ;1
AUAL;AUAR;EJ;1
AWBR;AUAR;EJ;1
AS01;AVAL;EJ;3
AS03;AVAL;EJ;2
AS05;AVAL;EJ;1
AS06;AVAL;EJ;1
AS07;AVAL;EJ;6
AS08;AVAL;EJ;4
AS09;AVAL;EJ;4
AS10;AVAL;EJ;1
AVAR;AVAL;EJ;5
AVJL;AVAL;EJ;2
DA01;AVAL;EJ;2
DA02;AVAL;EJ;2
DA04;AVAL;EJ;3
DA05;AVAL;EJ;1
DA06;AVAL;EJ;10
DA07;AVAL;EJ;2
DB06;AVAL;EJ;3
FLPL;AVAL;EJ;1
LUAL;AVAL;EJ;1
PVCL;AVAL;EJ;2
PVCR;AVAL;EJ;5
PVPL;AVAL;EJ;1
RIMR;AVAL;EJ;3
SABD;AVAL;EJ;4
SABVR;AVAL;EJ;1
SDQR;AVAL;EJ;1
URYDL;AVAL;EJ;1
URYVR;AVAL;EJ;1
VA01;AVAL;EJ;3
VA02;AVAL;EJ;4
VA03;AVAL;EJ;1
VA04;AVAL;EJ;1
VA05;AVAL;EJ;5
VA06;AVAL;EJ;6
VA07;AVAL;EJ;2
VA08;AVAL;EJ;10
VA09;AVAL;EJ;1
VA10;AVAL;EJ;1
VA11;AVAL;EJ;1
VB09;AVAL;EJ;5
AS01;AVAR;EJ;2
AS03;AVAR;EJ;1
AS05;AVAR;EJ;1
AS06;AVAR;EJ;1
AS07;AVAR;EJ;5
AS08;AVAR;EJ;3
AS09;AVAR;EJ;1
AS10;AVAR;EJ;1
AVAL;AVAR;EJ;5
DA01;AVAR;EJ;6
DA02;AVAR;EJ;2
DA03;AVAR;EJ;2
DA04;AVAR;EJ;2
DA05;AVAR;EJ;5
DA06;AVAR;EJ;2
DA08;AVAR;EJ;1
DB05;AVAR;EJ;2
PVCR;AVAR;EJ;3
RIML;AVAR;EJ;2
RIMR;AVAR;EJ;1
SABVL;AVAR;EJ;3
SABVR;AVAR;EJ;1
URYDR;AVAR;EJ;1
URYVL;AVAR;EJ;1
VA03;AVAR;EJ;2
VA04;AVAR;EJ;3
VA05;AVAR;EJ;3
VA06;AVAR;EJ;2
VA07;AVAR;EJ;4
VA08;AVAR;EJ;4
VA10;AVAR;EJ;1
VA11;AVAR;EJ;7
VA12;AVAR;EJ;1
VB09;AVAR;EJ;4
AQR;AVBL;EJ;1
AS07;AVBL;EJ;2
AVBR;AVBL;EJ;3
DB03;AVBL;EJ;1
DB04;AVBL;EJ;1
DB05;AVBL;EJ;1
DB06;AVBL;EJ;2
DB07;AVBL;EJ;2
DVA;AVBL;EJ;1
RIBL;AVBL;EJ;1
RIBR;AVBL;EJ;1
RID;AVBL;EJ;1
SDQR;AVBL;EJ;1
SIBVL;AVBL;EJ;1
VB01;AVBL;EJ;1
VB02;AVBL;EJ;3
VB04;AVBL;EJ;1
VB05;AVBL;EJ;1
VB06;AVBL;EJ;1
VB07;AVBL;EJ;2
VB08;AVBL;EJ;7
VB09;AVBL;EJ;1
VB10;AVBL;EJ;2
VB11;AVBL;EJ;2
AS06;AVBR;EJ;1
AS07;AVBR;EJ;2
AVBL;AVBR;EJ;3
DB01;AVBR;EJ;3
DB02;AVBR;EJ;1
DB03;AVBR;EJ;1
DB04;AVBR;EJ;1
DB05;AVBR;EJ;1
DB06;AVBR;EJ;1
DB07;AVBR;EJ;1
DD01;AVBR;EJ;1
DVA;AVBR;EJ;1
PVNL;AVBR;EJ;2
RIBL;AVBR;EJ;1
RIBR;AVBR;EJ;1
RID;AVBR;EJ;2
SIBVL;AVBR;EJ;1
VA08;AVBR;EJ;1
VA09;AVBR;EJ;1
VB02;AVBR;EJ;1
VB03;AVBR;EJ;1
VB04;AVBR;EJ;1
VB06;AVBR;EJ;2
VB07;AVBR;EJ;2
VB08;AVBR;EJ;3
VB09;AVBR;EJ;6
VB10;AVBR;EJ;1
VB11;AVBR;EJ;1
VD10;AVBR;EJ;1
ADAR;AVDL;EJ;2
AVM;AVDL;EJ;2
FLPL;AVDL;EJ;1
FLPR;AVDL;EJ;1
ADAL;AVDR;EJ;2
ADLL;AVDR;EJ;1
AVJL;AVDR;EJ;2
FLPR;AVDR;EJ;1
AVER;AVEL;EJ;1
RIML;AVEL;EJ;2
RIMR;AVEL;EJ;3
RMDVR;AVEL;EJ;1
RMEV;AVEL;EJ;1
AVEL;AVER;EJ;1
RIML;AVER;EJ;3
RIMR;AVER;EJ;2
RMDVL;AVER;EJ;1
RMDVR;AVER;EJ;1
RMEV;AVER;EJ;1
AVFR;AVFL;EJ;23
AVHL;AVFL;EJ;2
AVHR;AVFL;EJ;3
PVQR;AVFL;EJ;1
AVFL;AVFR;EJ;23
AVHL;AVFR;EJ;2
AVHR;AVFR;EJ;1
VC04;AVFR;EJ;1
RIFL;AVG;EJ;1
RIFR;AVG;EJ;1
AVFL;AVHL;EJ;2
AVFR;AVHL;EJ;2
AVHR;AVHL;EJ;1
PHBR;AVHL;EJ;1
AVFL;AVHR;EJ;3
AVFR;AVHR;EJ;1
AVHL;AVHR;EJ;1
AVAL;AVJL;EJ;2
AVDR;AVJL;EJ;2
AVJR;AVJL;EJ;4
PVCL;AVJL;EJ;1
PVCR;AVJL;EJ;3
RIS;AVJL;EJ;1
AVJL;AVJR;EJ;4
PVCL;AVJR;EJ;1
ADER;AVKL;EJ;1
AQR;AVKL;EJ;2
AVKR;AVKL;EJ;2
PVPL;AVKL;EJ;1
PVPR;AVKL;EJ;1
PVT;AVKL;EJ;2
RICL;AVKL;EJ;1
RICR;AVKL;EJ;1
RIGL;AVKL;EJ;1
SMBDL;AVKL;EJ;1
SMBDR;AVKL;EJ;1
SMBVR;AVKL;EJ;1
VB01;AVKL;EJ;4
VB10;AVKL;EJ;1
ADEL;AVKR;EJ;1
AQR;AVKR;EJ;1
AVKL;AVKR;EJ;2
PVPL;AVKR;EJ;6
RICL;AVKR;EJ;1
RIGR;AVKR;EJ;1
SMBDL;AVKR;EJ;1
SMBDR;AVKR;EJ;2
SMBVR;AVKR;EJ;1
DVB;AVL;EJ;1
DVC;AVL;EJ;9
PVM;AVL;EJ;1
ALML;AVM;EJ;1
ALMR;AVM;EJ;1
AVDL;AVM;EJ;2
AIAL;AWAL;EJ;1
AWAR;AWAL;EJ;1
AIAR;AWAR;EJ;1
AIZR;AWAR;EJ;1
AWAL;AWAR;EJ;1
AUAL;AWBL;EJ;1
AWBR;AWBL;EJ;1
RMGL;AWBL;EJ;1
AUAR;AWBR;EJ;1
AWBL;AWBR;EJ;1
RICL;AWBR;EJ;1
RMGR;AWBR;EJ;1
BAGR;BAGL;EJ;1
RIGR;BAGL;EJ;1
RIR;BAGL;EJ;1
BAGL;BAGR;EJ;1
RIGL;BAGR;EJ;1
RIR;BAGR;EJ;1
OLQDL;CEPDL;EJ;1
RIH;CEPDL;EJ;1
OLQDR;CEPDR;EJ;2
RIH;CEPDR;EJ;1
OLQVL;CEPVL;EJ;1
RIH;CEPVL;EJ;1
OLQVR;CEPVR;EJ;1
RIH;CEPVR;EJ;1
AVAL;DA01;EJ;2
AVAR;DA01;EJ;6
DA04;DA01;EJ;1
SABVL;DA01;EJ;2
SABVR;DA01;EJ;3
AS02;DA02;EJ;1
AS03;DA02;EJ;1
AVAL;DA02;EJ;2
AVAR;DA02;EJ;2
SABVL;DA02;EJ;1
VA01;DA02;EJ;2
AS04;DA03;EJ;1
AVAR;DA03;EJ;2
AVAL;DA04;EJ;3
AVAR;DA04;EJ;2
DA01;DA04;EJ;1
DB03;DA04;EJ;1
VB06;DA04;EJ;1
AS06;DA05;EJ;2
AVAL;DA05;EJ;1
AVAR;DA05;EJ;5
VA04;DA05;EJ;1
VA05;DA05;EJ;2
AVAL;DA06;EJ;10
AVAR;DA06;EJ;2
AVAL;DA07;EJ;2
AVAR;DA08;EJ;1
DA09;DA08;EJ;1
DA08;DA09;EJ;1
PDA;DA09;EJ;1
PHCL;DA09;EJ;1
RID;DA09;EJ;1
AIBR;DB01;EJ;1
AVBR;DB01;EJ;3
DB02;DB01;EJ;1
DB04;DB01;EJ;1
DVA;DB01;EJ;1
RID;DB01;EJ;1
RIS;DB01;EJ;1
VB03;DB01;EJ;1
VB04;DB01;EJ;1
AVBR;DB02;EJ;1
DB01;DB02;EJ;1
DB03;DB02;EJ;6
VB01;DB02;EJ;2
AVBL;DB03;EJ;1
AVBR;DB03;EJ;1
DA04;DB03;EJ;1
DB02;DB03;EJ;6
DB04;DB03;EJ;1
AVBL;DB04;EJ;1
AVBR;DB04;EJ;1
DB01;DB04;EJ;1
DB03;DB04;EJ;1
VB02;DB04;EJ;1
VB04;DB04;EJ;1
AVAR;DB05;EJ;2
AVBL;DB05;EJ;1
AVBR;DB05;EJ;1
AVAL;DB06;EJ;3
AVBL;DB06;EJ;2
AVBR;DB06;EJ;1
AVBL;DB07;EJ;2
AVBR;DB07;EJ;1
AVBR;DD01;EJ;1
DD02;DD01;EJ;1
VD01;DD01;EJ;4
VD02;DD01;EJ;2
DD01;DD02;EJ;1
DD03;DD02;EJ;2
VD04;DD02;EJ;2
DD02;DD03;EJ;2
DD04;DD03;EJ;1
DD03;DD04;EJ;1
VC03;DD04;EJ;1
VD08;DD04;EJ;1
VD10;DD05;EJ;1
AVBL;DVA;EJ;1
AVBR;DVA;EJ;1
DB01;DVA;EJ;1
PVCL;DVA;EJ;1
PVR;DVA;EJ;2
AS09;DVB;EJ;7
AVL;DVB;EJ;1
VA09;DVB;EJ;1
VB09;DVB;EJ;1
AIBL;DVC;EJ;1
AIBR;DVC;EJ;2
AVL;DVC;EJ;9
PVPL;DVC;EJ;2
PVPR;DVC;EJ;13
VA09;DVC;EJ;1
VD01;DVC;EJ;5
VD10;DVC;EJ;4
AVAL;FLPL;EJ;1
AVDL;FLPL;EJ;1
FLPR;FLPL;EJ;2
RIH;FLPL;EJ;1
AVDL;FLPR;EJ;1
AVDR;FLPR;EJ;1
FLPL;FLPR;EJ;2
HSNR;HSNL;EJ;1
HSNL;HSNR;EJ;1
PVNR;HSNR;EJ;1
IL1DR;IL1DL;EJ;1
IL1L;IL1DL;EJ;1
OLLL;IL1DL;EJ;1
RMEV;IL1DL;EJ;1
IL1DL;IL1DR;EJ;1
IL1R;IL1DR;EJ;1
OLLR;IL1DR;EJ;1
RMEV;IL1DR;EJ;1
IL1DL;IL1L;EJ;1
IL1VL;IL1L;EJ;1
IL1DR;IL1R;EJ;1
IL1VR;IL1R;EJ;1
IL1L;IL1VL;EJ;1
IL1VR;IL1VL;EJ;1
RMED;IL1VL;EJ;1
IL1R;IL1VR;EJ;1
IL1VL;IL1VR;EJ;1
IL2R;IL1VR;EJ;1
RMGL;IL2L;EJ;1
IL1VR;IL2R;EJ;1
RMGR;IL2R;EJ;1
URXR;IL2R;EJ;1
AVAL;LUAL;EJ;1
PLML;LUAL;EJ;1
PVR;LUAL;EJ;1
PLMR;LUAR;EJ;1
PVR;LUAR;EJ;1
IL1DL;OLLL;EJ;1
OLLR;OLLL;EJ;2
RIGL;OLLL;EJ;1
IL1DR;OLLR;EJ;1
OLLL;OLLR;EJ;2
RIGR;OLLR;EJ;1
CEPDL;OLQDL;EJ;1
RIBL;OLQDL;EJ;2
RIGL;OLQDL;EJ;1
RMDVL;OLQDL;EJ;1
URBL;OLQDL;EJ;1
CEPDR;OLQDR;EJ;2
RIBR;OLQDR;EJ;2
RIGR;OLQDR;EJ;1
RIH;OLQDR;EJ;1
RMDVR;OLQDR;EJ;1
URBR;OLQDR;EJ;1
ADLL;OLQVL;EJ;1
CEPVL;OLQVL;EJ;1
RIBL;OLQVL;EJ;1
RIGL;OLQVL;EJ;1
RMDDL;OLQVL;EJ;1
URBL;OLQVL;EJ;1
CEPVR;OLQVR;EJ;1
RIBR;OLQVR;EJ;1
RIGR;OLQVR;EJ;1
RMDDR;OLQVR;EJ;1
URBR;OLQVR;EJ;1
DA09;PDA;EJ;1
AS11;PDB;EJ;2
RID;PDB;EJ;2
PDER;PDEL;EJ;3
PVCR;PDEL;EJ;1
PVM;PDEL;EJ;1
PDEL;PDER;EJ;3
PVM;PDER;EJ;1
VA08;PDER;EJ;1
VD09;PDER;EJ;1
PHAR;PHAL;EJ;2
PHAL;PHAR;EJ;2
PVPL;PHAR;EJ;3
PHBR;PHBL;EJ;3
AVHL;PHBR;EJ;1
PHBL;PHBR;EJ;3
DA09;PHCL;EJ;1
PHCR;PHCL;EJ;1
PLML;PHCL;EJ;1
VA12;PHCL;EJ;1
PHCL;PHCR;EJ;1
PVCR;PHCR;EJ;1
VA12;PHCR;EJ;1
LUAL;PLML;EJ;1
PHCL;PLML;EJ;1
PVCL;PLML;EJ;1
LUAR;PLMR;EJ;1
PVCR;PLMR;EJ;1
PVR;PLMR;EJ;2
PVPL;PQR;EJ;4
AVAL;PVCL;EJ;2
AVJL;PVCL;EJ;1
AVJR;PVCL;EJ;1
DVA;PVCL;EJ;1
PLML;PVCL;EJ;1
PVCR;PVCL;EJ;5
VB09;PVCL;EJ;2
VB10;PVCL;EJ;1
AVAL;PVCR;EJ;5
AVAR;PVCR;EJ;3
AVJL;PVCR;EJ;3
PDEL;PVCR;EJ;1
PHCR;PVCR;EJ;1
PLMR;PVCR;EJ;1
PVCL;PVCR;EJ;5
PVWL;PVCR;EJ;2
PVWR;PVCR;EJ;1
VA08;PVCR;EJ;2
VA09;PVCR;EJ;1
AVL;PVM;EJ;1
PDEL;PVM;EJ;1
PDER;PVM;EJ;1
AVBR;PVNL;EJ;2
PVQR;PVNL;EJ;1
HSNR;PVNR;EJ;1
AQR;PVPL;EJ;7
AVAL;PVPL;EJ;1
AVKL;PVPL;EJ;1
AVKR;PVPL;EJ;6
DVC;PVPL;EJ;2
PHAR;PVPL;EJ;3
PQR;PVPL;EJ;4
PVPR;PVPL;EJ;1
PVT;PVPL;EJ;1
VD03;PVPL;EJ;1
VD13;PVPL;EJ;2
AQR;PVPR;EJ;9
AVKL;PVPR;EJ;1
DVC;PVPR;EJ;13
PVPL;PVPR;EJ;1
VD04;PVPR;EJ;1
VD05;PVPR;EJ;1
ADAL;PVQL;EJ;1
ASKL;PVQL;EJ;5
PVQR;PVQL;EJ;2
ADAR;PVQR;EJ;1
ASKR;PVQR;EJ;4
AVFL;PVQR;EJ;1
PVNL;PVQR;EJ;1
PVQL;PVQR;EJ;2
ALML;PVR;EJ;1
DVA;PVR;EJ;2
LUAL;PVR;EJ;1
LUAR;PVR;EJ;1
PLMR;PVR;EJ;2
AIBL;PVT;EJ;1
AIBR;PVT;EJ;1
AVKL;PVT;EJ;2
PVPL;PVT;EJ;1
RIBL;PVT;EJ;1
RIBR;PVT;EJ;1
PVCR;PVWL;EJ;2
PVCR;PVWR;EJ;1
AVBL;RIBL;EJ;1
AVBR;RIBL;EJ;1
OLQDL;RIBL;EJ;2
OLQVL;RIBL;EJ;1
PVT;RIBL;EJ;1
RIBL;RIBL;EJ;1
RIBR;RIBL;EJ;3
RIGL;RIBL;EJ;1
SIADL;RIBL;EJ;1
SIAVL;RIBL;EJ;1
SIBDL;RIBL;EJ;1
SIBVL;RIBL;EJ;1
SIBVR;RIBL;EJ;1
SMBDL;RIBL;EJ;1
SMDDL;RIBL;EJ;1
SMDVR;RIBL;EJ;2
AVBL;RIBR;EJ;1
AVBR;RIBR;EJ;1
OLQDR;RIBR;EJ;2
OLQVR;RIBR;EJ;1
PVT;RIBR;EJ;1
RIBL;RIBR;EJ;3
RIBR;RIBR;EJ;1
RIGR;RIBR;EJ;1
SIADR;RIBR;EJ;1
SIAVR;RIBR;EJ;1
SIBDR;RIBR;EJ;1
SIBVR;RIBR;EJ;1
SMBDR;RIBR;EJ;1
SMDDL;RIBR;EJ;1
SMDDR;RIBR;EJ;1
SMDVL;RIBR;EJ;2
ASHL;RICL;EJ;2
AVKL;RICL;EJ;1
AVKR;RICL;EJ;1
AWBR;RICL;EJ;1
ASHR;RICR;EJ;2
AVKL;RICR;EJ;1
ALA;RID;EJ;1
AVBL;RID;EJ;1
AVBR;RID;EJ;2
DA09;RID;EJ;1
DB01;RID;EJ;1
PDB;RID;EJ;2
AVG;RIFL;EJ;1
VD01;RIFL;EJ;1
AVG;RIFR;EJ;1
AIBR;RIGL;EJ;3
AQR;RIGL;EJ;2
AVKL;RIGL;EJ;1
BAGR;RIGL;EJ;1
OLLL;RIGL;EJ;1
OLQDL;RIGL;EJ;1
OLQVL;RIGL;EJ;1
RIBL;RIGL;EJ;1
RIGR;RIGL;EJ;3
RMEL;RIGL;EJ;1
URYDL;RIGL;EJ;1
URYVL;RIGL;EJ;1
VB02;RIGL;EJ;1
VD01;RIGL;EJ;2
AIBL;RIGR;EJ;3
AQR;RIGR;EJ;1
AVKR;RIGR;EJ;1
BAGL;RIGR;EJ;1
OLLR;RIGR;EJ;1
OLQDR;RIGR;EJ;1
OLQVR;RIGR;EJ;1
RIBR;RIGR;EJ;1
RIGL;RIGR;EJ;3
URYDR;RIGR;EJ;1
URYVR;RIGR;EJ;1
CEPDL;RIH;EJ;1
CEPDR;RIH;EJ;1
CEPVL;RIH;EJ;1
CEPVR;RIH;EJ;1
FLPL;RIH;EJ;1
OLQDR;RIH;EJ;1
AIBR;RIML;EJ;1
AIYL;RIML;EJ;1
AVAR;RIML;EJ;2
AVEL;RIML;EJ;2
AVER;RIML;EJ;3
RIS;RIML;EJ;1
AIBL;RIMR;EJ;1
AIYR;RIMR;EJ;1
AVAL;RIMR;EJ;3
AVAR;RIMR;EJ;1
AVEL;RIMR;EJ;3
AVER;RIMR;EJ;2
RIS;RIMR;EJ;1
RMED;RIPL;EJ;1
RMED;RIPR;EJ;1
BAGL;RIR;EJ;1
BAGR;RIR;EJ;1
AIBR;RIS;EJ;1
AVJL;RIS;EJ;1
DB01;RIS;EJ;1
RIML;RIS;EJ;1
RIMR;RIS;EJ;1
SMDDL;RIS;EJ;1
SMDDR;RIS;EJ;1
SMDVL;RIS;EJ;1
AIBL;RIVL;EJ;1
RIVR;RIVL;EJ;2
SDQR;RIVL;EJ;2
SMDVL;RIVL;EJ;1
AIBR;RIVR;EJ;1
RIVL;RIVR;EJ;2
SDQR;RIVR;EJ;2
SMDVR;RIVR;EJ;2
OLQVL;RMDDL;EJ;1
RMDL;RMDDL;EJ;1
RMDVL;RMDDL;EJ;1
SMDDL;RMDDL;EJ;1
OLQVR;RMDDR;EJ;1
RMDVR;RMDDR;EJ;1
SAADR;RMDDR;EJ;1
SMDDR;RMDDR;EJ;1
RMDDL;RMDL;EJ;1
RMDVL;RMDL;EJ;1
RMDVR;RMDR;EJ;1
AVER;RMDVL;EJ;1
OLQDL;RMDVL;EJ;1
RMDDL;RMDVL;EJ;1
RMDL;RMDVL;EJ;1
RMDVR;RMDVL;EJ;1
SAAVL;RMDVL;EJ;1
SMDVL;RMDVL;EJ;1
AVEL;RMDVR;EJ;1
AVER;RMDVR;EJ;1
OLQDR;RMDVR;EJ;1
RMDDR;RMDVR;EJ;1
RMDR;RMDVR;EJ;1
RMDVL;RMDVR;EJ;1
SAAVR;RMDVR;EJ;1
SMDVR;RMDVR;EJ;1
IL1VL;RMED;EJ;1
RIPL;RMED;EJ;1
RIPR;RMED;EJ;1
RMEV;RMED;EJ;2
RIGL;RMEL;EJ;1
RMEV;RMEL;EJ;1
RMEV;RMER;EJ;1
AVEL;RMEV;EJ;1
AVER;RMEV;EJ;1
IL1DL;RMEV;EJ;1
IL1DR;RMEV;EJ;1
RMED;RMEV;EJ;2
RMEL;RMEV;EJ;1
RMER;RMEV;EJ;1
URBR;RMFL;EJ;1
ADLL;RMGL;EJ;1
ASHL;RMGL;EJ;1
ASKL;RMGL;EJ;1
AWBL;RMGL;EJ;1
IL2L;RMGL;EJ;1
RMHL;RMGL;EJ;3
URXL;RMGL;EJ;1
ASHR;RMGR;EJ;1
ASKR;RMGR;EJ;1
AWBR;RMGR;EJ;1
IL2R;RMGR;EJ;1
RMHR;RMGR;EJ;1
URXR;RMGR;EJ;1
RMGL;RMHL;EJ;3
SIBVR;RMHL;EJ;1
RMGR;RMHR;EJ;1
SMBDL;SAADL;EJ;1
RMDDR;SAADR;EJ;1
RMDVL;SAAVL;EJ;1
SMBVR;SAAVL;EJ;3
RMDVR;SAAVR;EJ;1
SMBVL;SAAVR;EJ;2
AVAL;SABD;EJ;4
VA02;SABD;EJ;3
VA03;SABD;EJ;2
VA04;SABD;EJ;1
AVAR;SABVL;EJ;3
DA01;SABVL;EJ;2
DA02;SABVL;EJ;1
AVAL;SABVR;EJ;1
AVAR;SABVR;EJ;1
DA01;SABVR;EJ;3
SDQR;SDQL;EJ;1
AVAL;SDQR;EJ;1
AVBL;SDQR;EJ;1
RIVL;SDQR;EJ;2
RIVR;SDQR;EJ;2
SDQL;SDQR;EJ;1
SIBVL;SDQR;EJ;1
RIBL;SIADL;EJ;1
RIBR;SIADR;EJ;1
RIBL;SIAVL;EJ;1
RIBR;SIAVR;EJ;1
RIBL;SIBDL;EJ;1
SIBVL;SIBDL;EJ;1
AIML;SIBDR;EJ;1
RIBR;SIBDR;EJ;1
SIBVR;SIBDR;EJ;1
AVBL;SIBVL;EJ;1
AVBR;SIBVL;EJ;1
RIBL;SIBVL;EJ;1
SDQR;SIBVL;EJ;1
SIBDL;SIBVL;EJ;1
RIBL;SIBVR;EJ;1
RIBR;SIBVR;EJ;1
RMHL;SIBVR;EJ;1
SIBDR;SIBVR;EJ;1
AVKL;SMBDL;EJ;1
AVKR;SMBDL;EJ;1
RIBL;SMBDL;EJ;1
SAADL;SMBDL;EJ;1
ALNL;SMBDR;EJ;1
AVKL;SMBDR;EJ;1
AVKR;SMBDR;EJ;2
RIBR;SMBDR;EJ;1
SAAVR;SMBVL;EJ;2
AVKL;SMBVR;EJ;1
AVKR;SMBVR;EJ;1
SAAVL;SMBVR;EJ;3
RIBL;SMDDL;EJ;1
RIBR;SMDDL;EJ;1
RIS;SMDDL;EJ;1
RMDDL;SMDDL;EJ;1
RIBR;SMDDR;EJ;1
RIS;SMDDR;EJ;1
RMDDR;SMDDR;EJ;1
VD01;SMDDR;EJ;1
RIBR;SMDVL;EJ;2
RIS;SMDVL;EJ;1
RIVL;SMDVL;EJ;1
RMDVL;SMDVL;EJ;1
SMDVR;SMDVL;EJ;1
RIBL;SMDVR;EJ;2
RIVR;SMDVR;EJ;2
RMDVR;SMDVR;EJ;1
SMDVL;SMDVR;EJ;1
VB01;SMDVR;EJ;1
OLQDL;URBL;EJ;1
OLQVL;URBL;EJ;1
OLQDR;URBR;EJ;1
OLQVR;URBR;EJ;1
RMFL;URBR;EJ;1
RMGL;URXL;EJ;1
IL2R;URXR;EJ;1
RMGR;URXR;EJ;1
AVAL;URYDL;EJ;1
RIGL;URYDL;EJ;1
AVAR;URYDR;EJ;1
RIGR;URYDR;EJ;1
AVAR;URYVL;EJ;1
RIGL;URYVL;EJ;1
AVAL;URYVR;EJ;1
RIGR;URYVR;EJ;1
AVAL;VA01;EJ;3
DA02;VA01;EJ;2
AVAL;VA02;EJ;4
SABD;VA02;EJ;3
VD01;VA02;EJ;1
VD02;VA02;EJ;3
AS01;VA03;EJ;1
AVAL;VA03;EJ;1
AVAR;VA03;EJ;2
SABD;VA03;EJ;2
AS02;VA04;EJ;2
AVAL;VA04;EJ;1
AVAR;VA04;EJ;3
DA05;VA04;EJ;1
SABD;VA04;EJ;1
AS03;VA05;EJ;2
AVAL;VA05;EJ;5
AVAR;VA05;EJ;3
DA05;VA05;EJ;2
AVAL;VA06;EJ;6
AVAR;VA06;EJ;2
AS05;VA07;EJ;1
AVAL;VA07;EJ;2
AVAR;VA07;EJ;4
VB03;VA07;EJ;1
AS06;VA08;EJ;1
AVAL;VA08;EJ;10
AVAR;VA08;EJ;4
AVBR;VA08;EJ;1
PDER;VA08;EJ;1
PVCR;VA08;EJ;2
VA08;VA08;EJ;1
VB08;VA08;EJ;3
VB09;VA08;EJ;3
VD08;VA08;EJ;1
AVAL;VA09;EJ;1
AVBR;VA09;EJ;1
DVB;VA09;EJ;1
DVC;VA09;EJ;1
PVCR;VA09;EJ;1
VB08;VA09;EJ;1
VB09;VA09;EJ;4
VD07;VA09;EJ;1
AVAL;VA10;EJ;1
AVAR;VA10;EJ;1
AVAL;VA11;EJ;1
AVAR;VA11;EJ;7
AVAR;VA12;EJ;1
PHCL;VA12;EJ;1
PHCR;VA12;EJ;1
VB11;VA12;EJ;1
AVBL;VB01;EJ;1
AVKL;VB01;EJ;4
DB02;VB01;EJ;2
SMDVR;VB01;EJ;1
VB02;VB01;EJ;4
AVBL;VB02;EJ;3
AVBR;VB02;EJ;1
DB04;VB02;EJ;1
RIGL;VB02;EJ;1
VB01;VB02;EJ;4
VB03;VB02;EJ;1
VB05;VB02;EJ;1
VB07;VB02;EJ;2
AVBR;VB03;EJ;1
DB01;VB03;EJ;1
VA07;VB03;EJ;1
VB02;VB03;EJ;1
AVBL;VB04;EJ;1
AVBR;VB04;EJ;1
DB01;VB04;EJ;1
DB04;VB04;EJ;1
VB05;VB04;EJ;1
AVBL;VB05;EJ;1
VB02;VB05;EJ;1
VB04;VB05;EJ;1
VB06;VB05;EJ;1
AVBL;VB06;EJ;1
AVBR;VB06;EJ;2
DA04;VB06;EJ;1
VB05;VB06;EJ;1
AVBL;VB07;EJ;2
AVBR;VB07;EJ;2
VB02;VB07;EJ;2
AVBL;VB08;EJ;7
AVBR;VB08;EJ;3
VA08;VB08;EJ;3
VA09;VB08;EJ;1
VB09;VB08;EJ;3
AVAL;VB09;EJ;5
AVAR;VB09;EJ;4
AVBL;VB09;EJ;1
AVBR;VB09;EJ;6
DVB;VB09;EJ;1
PVCL;VB09;EJ;2
VA08;VB09;EJ;3
VA09;VB09;EJ;4
VB08;VB09;EJ;3
AVBL;VB10;EJ;2
AVBR;VB10;EJ;1
AVKL;VB10;EJ;1
PVCL;VB10;EJ;1
AVBL;VB11;EJ;2
AVBR;VB11;EJ;1
VA12;VB11;EJ;1
VC02;VC01;EJ;6
VC03;VC01;EJ;2
VD01;VC01;EJ;1
VC01;VC02;EJ;6
VC03;VC02;EJ;2
DD04;VC03;EJ;1
VC01;VC03;EJ;2
VC02;VC03;EJ;2
VC04;VC03;EJ;1
VC05;VC03;EJ;2
AVFR;VC04;EJ;1
VC03;VC04;EJ;1
VC05;VC04;EJ;1
VC03;VC05;EJ;2
VC04;VC05;EJ;1
DD01;VD01;EJ;4
DVC;VD01;EJ;5
RIFL;VD01;EJ;1
RIGL;VD01;EJ;2
SMDDR;VD01;EJ;1
VA02;VD01;EJ;1
VC01;VD01;EJ;1
VD02;VD01;EJ;7
AS01;VD02;EJ;1
DD01;VD02;EJ;2
VA02;VD02;EJ;3
VD01;VD02;EJ;7
VD03;VD02;EJ;2
PVPL;VD03;EJ;1
VD02;VD03;EJ;2
VD04;VD03;EJ;1
DD02;VD04;EJ;2
PVPR;VD04;EJ;1
VD03;VD04;EJ;1
VD05;VD04;EJ;1
PVPR;VD05;EJ;1
VD04;VD05;EJ;1
VD06;VD05;EJ;2
VD05;VD06;EJ;2
VD07;VD06;EJ;1
VA09;VD07;EJ;1
VD06;VD07;EJ;1
DD04;VD08;EJ;1
VA08;VD08;EJ;1
PDER;VD09;EJ;1
VD10;VD09;EJ;5
AVBR;VD10;EJ;1
DD05;VD10;EJ;1
DVC;VD10;EJ;4
VD09;VD10;EJ;5
PVPL;VD13;EJ;2
ADEL;ADAL;CS;1
ADFL;ADAL;CS;1
AIAL;ADAL;CS;1
ASHL;ADAL;CS;1
AWAL;ADAL;CS;1
PVPL;ADAL;CS;1
PVR;ADAL;CS;1
RMGL;ADAL;CS;1
ADER;ADAR;CS;1
ADFR;ADAR;CS;1
AIAR;ADAR;CS;1
ASHR;ADAR;CS;2
RICL;ADAR;CS;1
RICR;ADAR;CS;1
RIMR;ADAR;CS;1
RMGR;ADAR;CS;1
URBR;ADAR;CS;1
ADER;ADEL;CS;2
ALA;ADEL;CS;1
BDUL;ADEL;CS;3
FLPL;ADEL;CS;2
IL2L;ADEL;CS;2
ADEL;ADER;CS;1
ALNR;ADER;CS;1
AVAR;ADER;CS;1
AVM;ADER;CS;2
BDUR;ADER;CS;1
FLPL;ADER;CS;2
FLPR;ADER;CS;2
IL2R;ADER;CS;2
ASHL;ADFL;CS;3
AWBL;ADFL;CS;9
AIYR;ADFR;CS;1
ASEL;ADFR;CS;1
ASHR;ADFR;CS;2
AVHL;ADFR;CS;3
AWAR;ADFR;CS;3
AWBR;ADFR;CS;4
PVPR;ADFR;CS;1
RIH;ADFR;CS;1
AVHR;ADLL;CS;1
CEPVL;ADLL;CS;1
SDQR;ADLL;CS;1
AIAR;ADLR;CS;2
AVHR;ADLR;CS;2
AINR;AFDL;CS;4
ASER;AFDL;CS;2
AWAL;AFDL;CS;5
AINL;AFDR;CS;5
AINR;AFDR;CS;1
ASER;AFDR;CS;2
AWAR;AFDR;CS;7
RIR;AFDR;CS;1
ADLL;AIAL;CS;6
AIML;AIAL;CS;5
AINR;AIAL;CS;2
AIZL;AIAL;CS;3
ASEL;AIAL;CS;3
ASER;AIAL;CS;2
ASGL;AIAL;CS;9
ASHL;AIAL;CS;7
ASIR;AIAL;CS;1
ASKL;AIAL;CS;11
AWCL;AIAL;CS;2
HSNL;AIAL;CS;1
PVQL;AIAL;CS;6
ADLR;AIAR;CS;10
AIMR;AIAR;CS;5
AIZR;AIAR;CS;1
ASER;AIAR;CS;3
ASGR;AIAR;CS;10
ASHR;AIAR;CS;10
ASIR;AIAR;CS;3
ASKR;AIAR;CS;11
AWCL;AIAR;CS;4
AWCR;AIAR;CS;2
PVQR;AIAR;CS;7
ADAL;AIBL;CS;1
ADAR;AIBL;CS;1
ADLL;AIBL;CS;7
AIAL;AIBL;CS;10
AINR;AIBL;CS;2
AIZL;AIBL;CS;4
AIZR;AIBL;CS;8
ASEL;AIBL;CS;7
ASER;AIBL;CS;2
ASGL;AIBL;CS;3
ASHL;AIBL;CS;5
ASIL;AIBL;CS;1
ASKL;AIBL;CS;2
AWCL;AIBL;CS;2
BAGL;AIBL;CS;1
DVC;AIBL;CS;1
FLPL;AIBL;CS;2
HSNR;AIBL;CS;1
PVT;AIBL;CS;2
RIBR;AIBL;CS;2
RIMR;AIBL;CS;4
SAADL;AIBL;CS;1
SAAVL;AIBL;CS;1
SDQR;AIBL;CS;2
ADAL;AIBR;CS;2
ADAR;AIBR;CS;1
ADLL;AIBR;CS;1
ADLR;AIBR;CS;10
AIAR;AIBR;CS;14
AIZL;AIBR;CS;8
AIZR;AIBR;CS;1
ASEL;AIBR;CS;4
ASER;AIBR;CS;10
ASGR;AIBR;CS;2
ASHR;AIBR;CS;3
ASIR;AIBR;CS;1
AWBL;AIBR;CS;1
AWCL;AIBR;CS;1
AWCR;AIBR;CS;4
DVC;AIBR;CS;3
FLPL;AIBR;CS;2
FLPR;AIBR;CS;1
HSNR;AIBR;CS;1
PVT;AIBR;CS;4
RIBL;AIBR;CS;2
RMGL;AIBR;CS;1
SAADR;AIBR;CS;1
SDQL;AIBR;CS;1
VB01;AIBR;CS;1
AIAL;AIML;CS;2
ASKL;AIML;CS;2
ASKR;AIMR;CS;1
RMGR;AIMR;CS;1
AFDL;AINR;CS;1
ASGL;AINR;CS;1
AFDL;AIYL;CS;7
AIBL;AIYL;CS;1
ASEL;AIYL;CS;13
ASER;AIYL;CS;4
ASIL;AIYL;CS;2
AWAL;AIYL;CS;1
AWCL;AIYL;CS;10
AWCR;AIYL;CS;4
BAGR;AIYL;CS;1
ADFR;AIYR;CS;1
AFDR;AIYR;CS;13
ASEL;AIYR;CS;6
ASER;AIYR;CS;14
ASGR;AIYR;CS;1
AUAR;AIYR;CS;1
AWAR;AIYR;CS;2
AWCR;AIYR;CS;9
ADFL;AIZL;CS;12
AIAL;AIZL;CS;1
AIYL;AIZL;CS;13
ASIL;AIZL;CS;1
AWAL;AIZL;CS;10
AWBL;AIZL;CS;9
DVA;AIZL;CS;3
HSNL;AIZL;CS;2
HSNR;AIZL;CS;1
RIH;AIZL;CS;4
RIR;AIZL;CS;6
ADFR;AIZR;CS;8
AIAR;AIZR;CS;1
AIYR;AIZR;CS;8
AWAR;AIZR;CS;7
AWBR;AIZR;CS;4
HSNL;AIZR;CS;1
HSNR;AIZR;CS;1
RIBR;AIZR;CS;1
RIGL;AIZR;CS;1
RIH;AIZR;CS;4
RIR;AIZR;CS;5
ADER;ALA;CS;1
ADLL;ALA;CS;2
AIML;ALML;CS;1
RIFL;ALML;CS;2
RMGL;ALML;CS;1
SDQL;ALML;CS;1
BDUR;ALMR;CS;1
RIGL;ALNL;CS;1
RMGL;ALNL;CS;1
SAAVL;ALNL;CS;1
RIGR;ALNR;CS;1
RMGR;ALNR;CS;1
AVHR;AQR;CS;2
DVA;AQR;CS;4
PVCR;AQR;CS;1
PVPL;AQR;CS;1
PVPR;AQR;CS;2
AVAR;AS01;CS;1
AVBR;AS01;CS;1
AVDL;AS01;CS;1
AVEL;AS01;CS;1
AVER;AS01;CS;3
DB01;AS01;CS;1
PVCL;AS01;CS;1
AVAL;AS02;CS;1
AVAR;AS02;CS;2
AVER;AS02;CS;2
DB01;AS02;CS;1
PVCR;AS02;CS;1
RID;AS02;CS;1
AVAL;AS03;CS;1
AVAR;AS03;CS;1
AVBL;AS03;CS;1
AVBR;AS03;CS;1
AVER;AS03;CS;1
DB01;AS03;CS;1
AVAL;AS04;CS;1
AVAR;AS04;CS;1
AVBL;AS04;CS;1
AVBR;AS04;CS;1
AVDL;AS04;CS;1
DA03;AS04;CS;1
DB03;AS04;CS;1
AS04;AS05;CS;1
AVAL;AS05;CS;3
AVAR;AS05;CS;1
AVBL;AS05;CS;1
AVBR;AS05;CS;1
AVDL;AS05;CS;1
AVDR;AS05;CS;1
DB03;AS05;CS;1
HSNR;AS05;CS;1
AVAR;AS06;CS;2
AVBL;AS06;CS;1
AVBR;AS06;CS;1
PLMR;AS06;CS;1
PVR;AS06;CS;1
AVAL;AS07;CS;8
AVAR;AS07;CS;3
AVBR;AS07;CS;1
AVAL;AS08;CS;5
AVAR;AS08;CS;6
AVAL;AS09;CS;8
AVAR;AS09;CS;5
AVBL;AS09;CS;1
AVAL;AS10;CS;2
AVAR;AS10;CS;1
AVBL;AS10;CS;1
AVBR;AS10;CS;1
AVDL;AS10;CS;1
AVDR;AS10;CS;1
AVAL;AS11;CS;4
AVAR;AS11;CS;6
AVDL;AS11;CS;2
PDA;AS11;CS;1
VA12;AS11;CS;2
AINL;ASEL;CS;3
AINR;ASEL;CS;1
AIZL;ASEL;CS;1
ASIR;ASEL;CS;2
AWAL;ASEL;CS;4
AWAR;ASEL;CS;1
AWCL;ASEL;CS;1
AWCR;ASEL;CS;1
ADLL;ASER;CS;3
ADLR;ASER;CS;1
AFDR;ASER;CS;1
AIAL;ASER;CS;3
AIAR;ASER;CS;1
AIBL;ASER;CS;1
AINR;ASER;CS;2
ASIL;ASER;CS;1
AWAR;ASER;CS;2
PVQR;ASER;CS;1
AIAL;ASGL;CS;1
AIML;ASGL;CS;2
AWAL;ASGL;CS;1
AIAR;ASGR;CS;2
AIMR;ASGR;CS;2
AINL;ASGR;CS;1
AWBR;ASGR;CS;1
AWCR;ASGR;CS;1
CEPVR;ASGR;CS;1
ADLL;ASHL;CS;2
AIAL;ASHL;CS;1
HSNL;ASHL;CS;1
HSNR;ASHL;CS;2
RMGL;ASHL;CS;1
URXL;ASHL;CS;1
ADFR;ASHR;CS;1
ADLR;ASHR;CS;3
ASIR;ASHR;CS;1
AWBR;ASHR;CS;2
HSNL;ASHR;CS;2
PVPR;ASHR;CS;1
RIFR;ASHR;CS;2
RMGR;ASHR;CS;1
AVFR;ASJL;CS;1
PVQL;ASJL;CS;1
AIMR;ASJR;CS;2
HSNL;ASJR;CS;1
AIAL;ASKL;CS;3
AIML;ASKL;CS;2
ASGL;ASKL;CS;1
ASHL;ASKL;CS;1
ASIL;ASKL;CS;2
ASJL;ASKL;CS;4
AVFR;ASKL;CS;1
HSNL;ASKL;CS;1
PVQL;ASKL;CS;4
AIMR;ASKR;CS;3
ASJR;ASKR;CS;4
PVQR;ASKR;CS;4
ADFL;AUAL;CS;5
DVA;AUAL;CS;1
IL2DL;AUAL;CS;1
RIBL;AUAL;CS;1
RIR;AUAL;CS;1
URXL;AUAL;CS;5
ADFR;AUAR;CS;4
AINL;AUAR;CS;1
AINR;AUAR;CS;1
AWAR;AUAR;CS;1
DVA;AUAR;CS;1
RIH;AUAR;CS;1
URXR;AUAR;CS;4
ADAR;AVAL;CS;1
ADEL;AVAL;CS;2
ADER;AVAL;CS;5
ADLL;AVAL;CS;2
AIBL;AVAL;CS;2
ALA;AVAL;CS;1
AQR;AVAL;CS;2
ASHL;AVAL;CS;2
AUAL;AVAL;CS;3
AVAR;AVAL;CS;1
AVBL;AVAL;CS;7
AVBR;AVAL;CS;6
AVDL;AVAL;CS;13
AVDR;AVAL;CS;16
AVEL;AVAL;CS;12
AVER;AVAL;CS;7
AVJR;AVAL;CS;1
AWCL;AVAL;CS;1
BAGR;AVAL;CS;2
BDUR;AVAL;CS;3
DVA;AVAL;CS;3
DVC;AVAL;CS;5
FLPL;AVAL;CS;14
FLPR;AVAL;CS;12
LUAL;AVAL;CS;5
LUAR;AVAL;CS;3
PHBL;AVAL;CS;9
PHBR;AVAL;CS;7
PHCL;AVAL;CS;1
PLMR;AVAL;CS;4
PQR;AVAL;CS;8
PVCL;AVAL;CS;2
PVCR;AVAL;CS;7
PVDL;AVAL;CS;6
PVDR;AVAL;CS;6
PVNL;AVAL;CS;2
PVNR;AVAL;CS;4
PVPL;AVAL;CS;2
PVPR;AVAL;CS;1
RIBL;AVAL;CS;2
RICL;AVAL;CS;5
RICR;AVAL;CS;5
RIML;AVAL;CS;1
RIMR;AVAL;CS;2
RMGL;AVAL;CS;1
SAADL;AVAL;CS;6
SAAVL;AVAL;CS;17
SDQL;AVAL;CS;2
SDQR;AVAL;CS;2
SMBDR;AVAL;CS;1
URYVR;AVAL;CS;1
VA02;AVAL;CS;1
VD06;AVAL;CS;1
ADAL;AVAR;CS;2
ADEL;AVAR;CS;3
ADER;AVAR;CS;1
ADLL;AVAR;CS;3
ADLR;AVAR;CS;2
AIBR;AVAR;CS;1
AQR;AVAR;CS;3
AS09;AVAR;CS;1
ASHR;AVAR;CS;5
AUAR;AVAR;CS;1
AVAL;AVAR;CS;2
AVBL;AVAR;CS;7
AVBR;AVAR;CS;7
AVDL;AVAR;CS;19
AVDR;AVAR;CS;15
AVEL;AVAR;CS;7
AVER;AVAR;CS;16
AVG;AVAR;CS;3
AVJL;AVAR;CS;1
AVJR;AVAR;CS;1
BAGL;AVAR;CS;2
DVA;AVAR;CS;1
DVC;AVAR;CS;7
FLPL;AVAR;CS;17
FLPR;AVAR;CS;5
LUAL;AVAR;CS;6
LUAR;AVAR;CS;7
PHBL;AVAR;CS;6
PHBR;AVAR;CS;7
PLMR;AVAR;CS;1
PQR;AVAR;CS;11
PVCL;AVAR;CS;4
PVCR;AVAR;CS;7
PVDL;AVAR;CS;6
PVDR;AVAR;CS;9
PVPL;AVAR;CS;2
PVPR;AVAR;CS;2
PVWR;AVAR;CS;1
RIBR;AVAR;CS;2
RICL;AVAR;CS;6
RICR;AVAR;CS;5
RMGR;AVAR;CS;1
SAADR;AVAR;CS;3
SAAVR;AVAR;CS;13
SDQL;AVAR;CS;3
SMBDL;AVAR;CS;1
VD05;AVAR;CS;1
VD11;AVAR;CS;2
VD13;AVAR;CS;2
ADAL;AVBL;CS;4
ADAR;AVBL;CS;2
ADLL;AVBL;CS;4
ADLR;AVBL;CS;1
AIBL;AVBL;CS;5
AQR;AVBL;CS;3
ASHL;AVBL;CS;6
AVAR;AVBL;CS;1
AVBR;AVBL;CS;1
AVDR;AVBL;CS;1
AVFL;AVBL;CS;1
AVFR;AVBL;CS;1
AVG;AVBL;CS;2
AVHL;AVBL;CS;1
AVHR;AVBL;CS;2
AVJL;AVBL;CS;1
AVJR;AVBL;CS;3
AVKL;AVBL;CS;1
AVM;AVBL;CS;6
AWBL;AVBL;CS;1
DVA;AVBL;CS;1
DVC;AVBL;CS;1
FLPL;AVBL;CS;4
FLPR;AVBL;CS;5
PVCL;AVBL;CS;5
PVCR;AVBL;CS;8
PVNR;AVBL;CS;1
PVPL;AVBL;CS;5
PVPR;AVBL;CS;4
PVQR;AVBL;CS;1
PVR;AVBL;CS;4
RIFL;AVBL;CS;10
RIFR;AVBL;CS;1
RIML;AVBL;CS;2
RIMR;AVBL;CS;2
SDQR;AVBL;CS;6
URBL;AVBL;CS;1
URXL;AVBL;CS;1
URXR;AVBL;CS;1
VC04;AVBL;CS;1
ADAL;AVBR;CS;7
ADAR;AVBR;CS;5
ADLR;AVBR;CS;2
AIBR;AVBR;CS;3
AIML;AVBR;CS;2
AQR;AVBR;CS;4
ASHR;AVBR;CS;3
AVAL;AVBR;CS;1
AVBL;AVBR;CS;1
AVFL;AVBR;CS;2
AVFR;AVBR;CS;5
AVG;AVBR;CS;2
AVHL;AVBR;CS;1
AVHR;AVBR;CS;1
AVJL;AVBR;CS;4
AVJR;AVBR;CS;1
AVM;AVBR;CS;6
AWBR;AVBR;CS;2
FLPL;AVBR;CS;5
FLPR;AVBR;CS;1
PVCL;AVBR;CS;12
PVCR;AVBR;CS;6
PVNL;AVBR;CS;1
PVNR;AVBR;CS;2
PVPL;AVBR;CS;6
PVPR;AVBR;CS;5
PVR;AVBR;CS;4
RIBL;AVBR;CS;1
RIFL;AVBR;CS;1
RIFR;AVBR;CS;17
RIML;AVBR;CS;3
RIMR;AVBR;CS;5
RMGL;AVBR;CS;2
RMGR;AVBR;CS;1
SDQR;AVBR;CS;4
URBR;AVBR;CS;1
URXR;AVBR;CS;2
URYVL;AVBR;CS;1
ADAL;AVDL;CS;1
ADLL;AVDL;CS;1
ADLR;AVDL;CS;5
AIML;AVDL;CS;1
AQR;AVDL;CS;1
ASHL;AVDL;CS;2
ASHR;AVDL;CS;5
AVAL;AVDL;CS;1
AVAR;AVDL;CS;1
AVBL;AVDL;CS;1
AVDR;AVDL;CS;2
AVHL;AVDL;CS;1
AVJL;AVDL;CS;1
AVJR;AVDL;CS;1
FLPL;AVDL;CS;6
FLPR;AVDL;CS;10
LUAL;AVDL;CS;4
LUAR;AVDL;CS;1
PHBL;AVDL;CS;1
PHBR;AVDL;CS;1
PLMR;AVDL;CS;1
PQR;AVDL;CS;7
PVCL;AVDL;CS;5
PVCR;AVDL;CS;5
PVNL;AVDL;CS;3
RMGR;AVDL;CS;1
VA04;AVDL;CS;1
ADER;AVDR;CS;2
ADLL;AVDR;CS;4
ADLR;AVDR;CS;2
AIML;AVDR;CS;1
AIMR;AVDR;CS;1
ALML;AVDR;CS;1
AQR;AVDR;CS;1
ASHL;AVDR;CS;4
ASHR;AVDR;CS;1
AUAL;AVDR;CS;1
AVAR;AVDR;CS;2
AVBL;AVDR;CS;2
AVER;AVDR;CS;1
AVG;AVDR;CS;1
AVHR;AVDR;CS;1
AVJR;AVDR;CS;3
FLPL;AVDR;CS;13
FLPR;AVDR;CS;1
HSNL;AVDR;CS;2
HSNR;AVDR;CS;1
LUAL;AVDR;CS;2
LUAR;AVDR;CS;3
PHAL;AVDR;CS;1
PHBR;AVDR;CS;1
PLMR;AVDR;CS;4
PQR;AVDR;CS;6
PVCL;AVDR;CS;2
PVCR;AVDR;CS;1
PVNL;AVDR;CS;3
PVNR;AVDR;CS;1
PVPL;AVDR;CS;2
PVWR;AVDR;CS;1
RIBL;AVDR;CS;1
ADAL;AVEL;CS;1
ADAR;AVEL;CS;1
ADEL;AVEL;CS;1
AIBR;AVEL;CS;1
AIZR;AVEL;CS;4
ALA;AVEL;CS;2
ALML;AVEL;CS;1
AUAL;AVEL;CS;3
AVAR;AVEL;CS;2
AVBL;AVEL;CS;1
AVG;AVEL;CS;1
AVJL;AVEL;CS;1
AVKL;AVEL;CS;2
AVL;AVEL;CS;1
BAGL;AVEL;CS;1
BAGR;AVEL;CS;4
CEPDR;AVEL;CS;6
CEPVR;AVEL;CS;5
DVA;AVEL;CS;9
FLPR;AVEL;CS;4
IL1R;AVEL;CS;1
IL2L;AVEL;CS;1
OLLR;AVEL;CS;16
PVCL;AVEL;CS;2
PVCR;AVEL;CS;1
PVNL;AVEL;CS;1
PVNR;AVEL;CS;3
RIBL;AVEL;CS;2
RIBR;AVEL;CS;3
RIGL;AVEL;CS;2
RIS;AVEL;CS;7
RMGL;AVEL;CS;2
SDQL;AVEL;CS;1
URXL;AVEL;CS;4
URYDR;AVEL;CS;2
URYVR;AVEL;CS;6
ADER;AVER;CS;1
AIML;AVER;CS;1
AIZL;AVER;CS;5
AIZR;AVER;CS;2
ALA;AVER;CS;2
ASHR;AVER;CS;3
AUAR;AVER;CS;4
AVAR;AVER;CS;2
AVBL;AVER;CS;2
AVG;AVER;CS;1
AVJR;AVER;CS;3
AVKL;AVER;CS;1
BAGL;AVER;CS;4
CEPDL;AVER;CS;5
CEPVL;AVER;CS;3
DVA;AVER;CS;5
FLPR;AVER;CS;2
IL1L;AVER;CS;2
IL1R;AVER;CS;1
OLLL;AVER;CS;21
PVCL;AVER;CS;1
PVCR;AVER;CS;1
PVPL;AVER;CS;1
RIBL;AVER;CS;5
RIBR;AVER;CS;2
RIGL;AVER;CS;1
RIGR;AVER;CS;2
RIS;AVER;CS;7
RMGR;AVER;CS;3
URXR;AVER;CS;2
URYDL;AVER;CS;2
URYDR;AVER;CS;2
URYVL;AVER;CS;5
AIML;AVFL;CS;4
AIMR;AVFL;CS;2
AVFR;AVFL;CS;1
AVG;AVFL;CS;1
AVHL;AVFL;CS;1
AVHR;AVFL;CS;2
HSNL;AVFL;CS;6
HSNR;AVFL;CS;2
PHAL;AVFL;CS;3
PHBR;AVFL;CS;1
RIFR;AVFL;CS;1
VC05;AVFL;CS;1
AIML;AVFR;CS;1
AIMR;AVFR;CS;2
AVFL;AVFR;CS;7
AVHL;AVFR;CS;3
AVHR;AVFR;CS;1
AVJL;AVFR;CS;1
AVL;AVFR;CS;1
PVNL;AVFR;CS;1
PVQR;AVFR;CS;1
VC05;AVFR;CS;1
AVFL;AVG;CS;2
PHAL;AVG;CS;5
PHAR;AVG;CS;3
PQR;AVG;CS;1
PVNL;AVG;CS;1
AIML;AVHL;CS;2
AVAL;AVHL;CS;1
AVFL;AVHL;CS;2
AVFR;AVHL;CS;2
AVHR;AVHL;CS;1
AVJL;AVHL;CS;2
BDUL;AVHL;CS;1
BDUR;AVHL;CS;1
PHAL;AVHL;CS;1
PVPR;AVHL;CS;3
RIFR;AVHL;CS;1
AIML;AVHR;CS;1
AVFL;AVHR;CS;4
AVFR;AVHR;CS;1
AVHL;AVHR;CS;1
PHAL;AVHR;CS;1
PHAR;AVHR;CS;1
PHCR;AVHR;CS;1
PVPL;AVHR;CS;1
RIFL;AVHR;CS;1
VC04;AVHR;CS;1
ADAR;AVJL;CS;3
ADLL;AVJL;CS;1
AIML;AVJL;CS;1
AQR;AVJL;CS;1
AVFL;AVJL;CS;1
AVFR;AVJL;CS;2
AVG;AVJL;CS;1
AVHL;AVJL;CS;3
AVJR;AVJL;CS;1
BDUR;AVJL;CS;2
HSNL;AVJL;CS;2
HSNR;AVJL;CS;1
LUAL;AVJL;CS;1
PVCL;AVJL;CS;3
PVNL;AVJL;CS;5
PVNR;AVJL;CS;4
PVR;AVJL;CS;3
PVWL;AVJL;CS;1
RIFR;AVJL;CS;1
RIMR;AVJL;CS;1
RMGR;AVJL;CS;1
ADAL;AVJR;CS;5
ADER;AVJR;CS;1
ADLL;AVJR;CS;3
ADLR;AVJR;CS;2
AVFL;AVJR;CS;1
AVFR;AVJR;CS;1
AVHR;AVJR;CS;4
AVM;AVJR;CS;1
BDUL;AVJR;CS;1
FLPR;AVJR;CS;1
LUAR;AVJR;CS;1
PVCL;AVJR;CS;1
PVNL;AVJR;CS;5
PVNR;AVJR;CS;1
PVR;AVJR;CS;2
RIFL;AVJR;CS;2
RIFR;AVJR;CS;2
URXL;AVJR;CS;1
ADER;AVKL;CS;2
DVC;AVKL;CS;2
PDEL;AVKL;CS;6
PDER;AVKL;CS;16
PVM;AVKL;CS;11
PVR;AVKL;CS;1
PVT;AVKL;CS;7
RIGR;AVKL;CS;4
RIMR;AVKL;CS;1
RIS;AVKL;CS;1
RMDR;AVKL;CS;1
RMFL;AVKL;CS;4
RMFR;AVKL;CS;3
ADER;AVKR;CS;1
DVC;AVKR;CS;1
PVT;AVKR;CS;7
RICL;AVKR;CS;1
RIGL;AVKR;CS;2
RIGR;AVKR;CS;1
RIS;AVKR;CS;4
RMFL;AVKR;CS;4
RMFR;AVKR;CS;3
ADEL;AVL;CS;1
AVBL;AVL;CS;1
AVFL;AVL;CS;1
AVG;AVL;CS;1
DVB;AVL;CS;5
HSNR;AVL;CS;1
PVCR;AVL;CS;1
PVNL;AVL;CS;2
PVNR;AVL;CS;2
PVPR;AVL;CS;4
PVQR;AVL;CS;1
PVT;AVL;CS;2
RIS;AVL;CS;2
VC01;AVL;CS;2
VC03;AVL;CS;1
AVKL;AVM;CS;1
PVM;AVM;CS;1
AIYL;AWAL;CS;3
AIAR;AWAR;CS;1
AIYR;AWAR;CS;1
ASER;AWAR;CS;1
ASKR;AWAR;CS;1
PVQR;AWAR;CS;2
ADLL;AWBL;CS;2
AWAL;AWBL;CS;1
HSNL;AWBL;CS;2
HSNR;AWBL;CS;1
ADFR;AWBR;CS;1
AVHL;AWBR;CS;1
AWAR;AWBR;CS;1
HSNL;AWBR;CS;2
RIR;AWBR;CS;1
AIAR;AWCL;CS;1
AIYL;AWCL;CS;1
ASEL;AWCL;CS;4
ASER;AWCL;CS;1
ASIL;AWCL;CS;2
ASIR;AWCL;CS;1
AWCR;AWCL;CS;5
ADLR;AWCR;CS;3
AIAL;AWCR;CS;1
AIAR;AWCR;CS;3
AIYL;AWCR;CS;1
ASEL;AWCR;CS;1
ASER;AWCR;CS;1
ASIL;AWCR;CS;2
ASIR;AWCR;CS;2
AWCL;AWCR;CS;1
AINL;BAGL;CS;3
AQR;BAGL;CS;2
RIBR;BAGL;CS;2
AINR;BAGR;CS;3
AQR;BAGR;CS;2
BAGL;BAGR;CS;1
IL2VL;BAGR;CS;1
RIBL;BAGR;CS;1
RIGL;BAGR;CS;1
RIH;BAGR;CS;1
RIR;BAGR;CS;1
ADEL;BDUL;CS;1
ALML;BDUL;CS;6
AVKR;BDUL;CS;1
AVM;BDUL;CS;3
PVNL;BDUL;CS;2
PVNR;BDUL;CS;1
ALMR;BDUR;CS;5
AVM;BDUR;CS;4
CEPDR;BDUR;CS;1
HSNR;BDUR;CS;1
PVNL;BDUR;CS;2
PVNR;BDUR;CS;4
ADEL;CEPDL;CS;1
ALML;CEPDL;CS;3
OLLL;CEPDL;CS;3
RIH;CEPDL;CS;1
RMGL;CEPDL;CS;1
URBL;CEPDL;CS;1
ADER;CEPDR;CS;1
ALMR;CEPDR;CS;1
IL2DR;CEPDR;CS;1
OLLR;CEPDR;CS;2
RIH;CEPDR;CS;1
RIS;CEPDR;CS;1
URBR;CEPDR;CS;1
ALML;CEPVL;CS;2
OLLL;CEPVL;CS;4
RIAL;CEPVL;CS;1
RIH;CEPVL;CS;1
RIS;CEPVL;CS;2
ALMR;CEPVR;CS;1
ASKR;CEPVR;CS;1
OLLR;CEPVR;CS;6
RIAR;CEPVR;CS;1
RIH;CEPVR;CS;2
RIS;CEPVR;CS;1
AS01;DA01;CS;2
AVAL;DA01;CS;2
AVAR;DA01;CS;2
AVDL;DA01;CS;1
AVDR;DA01;CS;2
AVEL;DA01;CS;5
AVER;DA01;CS;5
AVM;DA01;CS;1
AVAL;DA02;CS;2
AVAR;DA02;CS;2
AVDL;DA02;CS;1
AVDR;DA02;CS;1
AVEL;DA02;CS;1
AVER;DA02;CS;3
AVL;DA02;CS;1
DD01;DA02;CS;2
PVCL;DA02;CS;1
AS03;DA03;CS;1
AVAL;DA03;CS;6
AVAR;DA03;CS;3
AVDL;DA03;CS;4
AVDR;DA03;CS;2
AVEL;DA03;CS;3
AVER;DA03;CS;1
DA04;DA03;CS;1
DB02;DA03;CS;5
DD02;DA03;CS;1
AVAL;DA04;CS;7
AVAR;DA04;CS;6
AVDL;DA04;CS;2
AVDR;DA04;CS;2
AVEL;DA04;CS;1
DA03;DA04;CS;2
AVAL;DA05;CS;7
AVAR;DA05;CS;2
AVBR;DA05;CS;1
AVDL;DA05;CS;1
AVDR;DA05;CS;2
HSNR;DA05;CS;1
PVCL;DA05;CS;1
AVAL;DA06;CS;11
AVAR;DA06;CS;11
HSNR;DA06;CS;1
PVCL;DA06;CS;1
RID;DA06;CS;3
AVAL;DA07;CS;2
AVAR;DA07;CS;3
AVAL;DA08;CS;4
AVAR;DA08;CS;8
AVDL;DA08;CS;1
AVDR;DA08;CS;1
AVG;DA08;CS;1
DVB;DA08;CS;4
PHAR;DA08;CS;1
PHBR;DA08;CS;1
VA12;DA08;CS;3
AVAL;DA09;CS;3
AVAR;DA09;CS;2
AVDR;DA09;CS;1
PDA;DA09;CS;1
PHCL;DA09;CS;7
PHCR;DA09;CS;2
PVCR;DA09;CS;1
PVR;DA09;CS;1
VA12;DA09;CS;5
AS02;DB01;CS;1
DVA;DB02;CS;1
PVCL;DB02;CS;3
PVCR;DB02;CS;1
PVR;DB02;CS;1
AVAR;DB03;CS;1
AVER;DB03;CS;1
DA03;DB03;CS;1
DA04;DB03;CS;1
DVA;DB03;CS;2
PVCL;DB03;CS;4
PVCR;DB03;CS;3
PVR;DB03;CS;1
AVDR;DB04;CS;1
DA05;DB04;CS;1
DVA;DB04;CS;1
PVCL;DB04;CS;3
PVCR;DB04;CS;4
VC02;DB04;CS;1
AVAL;DB05;CS;2
AVAR;DB05;CS;1
DVA;DB05;CS;1
PVCL;DB05;CS;2
PVCR;DB05;CS;1
AVAL;DB06;CS;1
AVAR;DB06;CS;5
DVA;DB06;CS;2
PVCL;DB06;CS;2
PVCR;DB06;CS;2
DVA;DB07;CS;2
PVCL;DB07;CS;3
PVCR;DB07;CS;1
VA12;DB07;CS;4
AS02;DD01;CS;1
AS03;DD01;CS;1
AVL;DD01;CS;1
DA01;DD01;CS;4
DA02;DD01;CS;1
DB01;DD01;CS;10
PVNL;DD01;CS;2
PVQR;DD01;CS;1
RID;DD01;CS;4
VA01;DD01;CS;9
VA02;DD01;CS;13
VA03;DD01;CS;18
VB01;DD01;CS;1
VB02;DD01;CS;20
VC01;DD01;CS;7
VC02;DD01;CS;6
VC03;DD01;CS;2
VD01;DD01;CS;1
VD02;DD01;CS;1
AS05;DD02;CS;1
DA03;DD02;CS;1
DA04;DD02;CS;1
DB02;DD02;CS;2
DB03;DD02;CS;4
PVPR;DD02;CS;1
RID;DD02;CS;4
VA03;DD02;CS;11
VA04;DD02;CS;21
VA05;DD02;CS;5
VB02;DD02;CS;1
VB03;DD02;CS;37
VB04;DD02;CS;6
VC01;DD02;CS;6
VC02;DD02;CS;4
VC03;DD02;CS;4
DB03;DD03;CS;10
DB04;DD03;CS;3
PVNR;DD03;CS;1
RID;DD03;CS;3
VA05;DD03;CS;13
VA06;DD03;CS;24
VA07;DD03;CS;3
VB04;DD03;CS;16
VB05;DD03;CS;27
VC01;DD03;CS;6
VC02;DD03;CS;9
VC03;DD03;CS;5
VA07;DD04;CS;12
VA08;DD04;CS;21
VA09;DD04;CS;3
VB06;DD04;CS;30
VB07;DD04;CS;2
VC03;DD04;CS;12
VD08;DD04;CS;1
PVDL;DD05;CS;1
VA09;DD05;CS;15
VB08;DD05;CS;30
VB09;DD05;CS;8
VD10;DD05;CS;1
AVL;DD06;CS;2
DA09;DD06;CS;1
DVB;DD06;CS;3
PDA;DD06;CS;1
VA11;DD06;CS;10
VA12;DD06;CS;2
VB10;DD06;CS;9
VB11;DD06;CS;7
AIZL;DVA;CS;1
AIZR;DVA;CS;2
AVKL;DVA;CS;1
FLPL;DVA;CS;1
FLPR;DVA;CS;1
PDEL;DVA;CS;24
PDER;DVA;CS;35
PHAL;DVA;CS;2
PHAR;DVA;CS;2
PHCL;DVA;CS;6
PHCR;DVA;CS;8
PLMR;DVA;CS;5
PVCL;DVA;CS;4
PVDR;DVA;CS;3
PVM;DVA;CS;3
PVR;DVA;CS;1
RIR;DVA;CS;2
SDQR;DVA;CS;3
VB01;DVA;CS;1
AVDR;DVC;CS;1
DVB;DVC;CS;3
PVPR;DVC;CS;2
PVQR;DVC;CS;1
PVT;DVC;CS;2
RIGL;DVC;CS;1
VC01;DVC;CS;1
VC02;DVC;CS;1
VC03;DVC;CS;1
VC05;DVC;CS;2
ADEL;FLPL;CS;2
ADER;FLPL;CS;1
AIBL;FLPL;CS;1
FLPR;FLPL;CS;2
PVCR;FLPL;CS;1
SDQL;FLPL;CS;1
ADAL;FLPR;CS;1
ADER;FLPR;CS;1
FLPL;FLPR;CS;1
AIAL;HSNL;CS;1
AIMR;HSNL;CS;1
AIYR;HSNL;CS;1
ASJL;HSNL;CS;1
AVFL;HSNL;CS;1
BDUL;HSNL;CS;1
HSNR;HSNL;CS;1
PLML;HSNL;CS;1
PVQL;HSNL;CS;2
RIR;HSNL;CS;1
VC05;HSNL;CS;1
AIMR;HSNR;CS;2
AIYL;HSNR;CS;1
ASHR;HSNR;CS;1
ASJL;HSNR;CS;1
ASJR;HSNR;CS;1
AVBR;HSNR;CS;1
AVFR;HSNR;CS;1
AVJL;HSNR;CS;1
AVL;HSNR;CS;1
BDUR;HSNR;CS;4
HSNL;HSNR;CS;3
PLMR;HSNR;CS;1
PVNR;HSNR;CS;1
PVQR;HSNR;CS;1
RIFR;HSNR;CS;1
VC03;HSNR;CS;1
CEPDL;IL1DL;CS;4
IL1L;IL1DL;CS;1
IL2DL;IL1DL;CS;7
PVR;IL1DL;CS;1
URADL;IL1DL;CS;2
CEPDR;IL1DR;CS;5
IL1R;IL1DR;CS;1
IL2DR;IL1DR;CS;7
OLLR;IL1DR;CS;2
PVR;IL1DR;CS;1
URADR;IL1DR;CS;1
ADEL;IL1L;CS;1
IL1VL;IL1L;CS;1
IL2L;IL1L;CS;1
URBL;IL1L;CS;1
CEPDR;IL1R;CS;1
IL1VR;IL1R;CS;1
IL2R;IL1R;CS;1
RIAR;IL1R;CS;1
URAVR;IL1R;CS;1
URBR;IL1R;CS;3
CEPVL;IL1VL;CS;2
IL2VL;IL1VL;CS;7
OLLL;IL1VL;CS;2
OLQVL;IL1VL;CS;2
PVR;IL1VL;CS;1
URYVL;IL1VL;CS;1
CEPVR;IL1VR;CS;2
IL2VR;IL1VR;CS;6
OLLR;IL1VR;CS;1
OLQVR;IL1VR;CS;1
PVR;IL1VR;CS;1
URYVR;IL1VR;CS;1
ADEL;IL2L;CS;2
IL2VL;IL2L;CS;1
RIH;IL2L;CS;2
OLLR;IL2R;CS;1
RIH;IL2R;CS;1
URBR;IL2R;CS;1
OLQVL;IL2VL;CS;1
CEPVR;IL2VR;CS;2
IL1VR;IL2VR;CS;1
AVAL;LUAL;CS;1
AVAR;LUAL;CS;1
AVDL;LUAL;CS;1
AVDR;LUAL;CS;2
PHCL;LUAL;CS;1
VA12;LUAL;CS;2
AVAR;LUAR;CS;3
PHCR;LUAR;CS;1
PQR;LUAR;CS;1
PVCR;LUAR;CS;1
ADEL;OLLL;CS;2
CEPDL;OLLL;CS;2
CEPVL;OLLL;CS;4
SAADR;OLLL;CS;1
ADER;OLLR;CS;2
ADLR;OLLR;CS;1
CEPDR;OLLR;CS;8
CEPVR;OLLR;CS;7
IL2R;OLLR;CS;2
RIS;OLLR;CS;1
RMDL;OLLR;CS;2
SAAVL;OLLR;CS;1
VC05;OLLR;CS;1
CEPDL;OLQDL;CS;6
IL2DL;OLQDL;CS;2
IL2L;OLQDL;CS;5
RIH;OLQDL;CS;4
RIPL;OLQDL;CS;1
RIPR;OLQDL;CS;1
AIMR;OLQDR;CS;1
CEPDR;OLQDR;CS;5
IL2R;OLQDR;CS;2
RIH;OLQDR;CS;2
RIPL;OLQDR;CS;1
RIPR;OLQDR;CS;1
ADFL;OLQVL;CS;1
ADLL;OLQVL;CS;1
CEPVL;OLQVL;CS;6
IL2L;OLQVL;CS;8
IL2VL;OLQVL;CS;1
RIH;OLQVL;CS;1
CEPVR;OLQVR;CS;3
IL2R;OLQVR;CS;7
IL2VR;OLQVR;CS;2
RIH;OLQVR;CS;6
URXR;OLQVR;CS;1
AS11;PDA;CS;1
DVB;PDA;CS;1
AS11;PDB;CS;1
AVAR;PDEL;CS;1
AVKL;PDEL;CS;3
DVA;PDEL;CS;3
PLMR;PDEL;CS;2
PVCR;PDEL;CS;1
PVM;PDEL;CS;7
PVR;PDEL;CS;1
AVAR;PDER;CS;1
AVFL;PDER;CS;1
AVKL;PDER;CS;1
PDEL;PDER;CS;1
PLMR;PDER;CS;3
PVM;PDER;CS;8
PVR;PDER;CS;1
AVG;PHAL;CS;2
PHAR;PHAL;CS;6
PHAL;PHAR;CS;5
LUAL;PHBL;CS;1
PHAL;PHBL;CS;5
PHAR;PHBL;CS;1
PHBR;PHBL;CS;1
PHAL;PHBR;CS;5
PHAR;PHBR;CS;5
PHBL;PHBR;CS;1
DVB;PHCL;CS;1
PHCR;PHCL;CS;1
AVJL;PLMR;CS;2
SMBVL;PLNL;CS;1
AVDR;PQR;CS;1
LUAR;PQR;CS;1
PVNL;PQR;CS;1
PVNR;PQR;CS;2
ADLR;PVCL;CS;2
ALML;PVCL;CS;4
AVAL;PVCL;CS;10
AVAR;PVCL;CS;7
AVDL;PVCL;CS;1
AVG;PVCL;CS;1
AVJL;PVCL;CS;1
AVJR;PVCL;CS;2
AVM;PVCL;CS;4
BDUR;PVCL;CS;2
DVA;PVCL;CS;3
FLPR;PVCL;CS;2
PDER;PVCL;CS;1
PHBL;PVCL;CS;13
PHBR;PVCL;CS;6
PHCL;PVCL;CS;2
PLMR;PVCL;CS;2
PVCR;PVCL;CS;3
PVDL;PVCL;CS;1
PVDR;PVCL;CS;13
PVM;PVCL;CS;2
PVNL;PVCL;CS;1
PVNR;PVCL;CS;1
PVPR;PVCL;CS;4
RIFR;PVCL;CS;1
VA12;PVCL;CS;2
VD13;PVCL;CS;1
ALML;PVCR;CS;2
ALMR;PVCR;CS;3
AQR;PVCR;CS;2
AVAL;PVCR;CS;6
AVAR;PVCR;CS;5
AVEL;PVCR;CS;1
AVJL;PVCR;CS;2
AVJR;PVCR;CS;4
AVM;PVCR;CS;5
DVA;PVCR;CS;1
LUAR;PVCR;CS;3
PDER;PVCR;CS;1
PHBR;PVCR;CS;3
PHCR;PVCR;CS;8
PVCL;PVCR;CS;2
PVDL;PVCR;CS;6
PVDR;PVCR;CS;10
PVPL;PVCR;CS;3
PVPR;PVCR;CS;7
PVR;PVCR;CS;1
PVWR;PVCR;CS;1
RIFR;PVCR;CS;1
VA12;PVCR;CS;3
VB11;PVCR;CS;1
VC02;PVCR;CS;1
VD13;PVCR;CS;1
PVCR;PVDL;CS;1
PVDR;PVDL;CS;1
AVKL;PVM;CS;1
PDEL;PVM;CS;2
AVFL;PVNL;CS;2
AVHR;PVNL;CS;1
AVM;PVNL;CS;1
BDUL;PVNL;CS;2
BDUR;PVNL;CS;4
LUAL;PVNL;CS;1
PQR;PVNL;CS;1
PVNR;PVNL;CS;1
AIMR;PVNR;CS;1
AVBL;PVNR;CS;1
AVG;PVNR;CS;2
AVJL;PVNR;CS;1
BDUL;PVNR;CS;2
BDUR;PVNR;CS;1
HSNR;PVNR;CS;2
PDA;PVNR;CS;1
PVNL;PVNR;CS;5
VA11;PVNR;CS;2
VC03;PVNR;CS;1
AQR;PVPL;CS;1
AVHR;PVPL;CS;3
DVB;PVPL;CS;2
RIFL;PVPL;CS;3
RIR;PVPL;CS;1
ADFR;PVPR;CS;1
ASHR;PVPR;CS;1
AVG;PVPR;CS;1
AVHL;PVPR;CS;2
AVL;PVPR;CS;1
RIFR;PVPR;CS;4
VC03;PVPR;CS;1
AIML;PVQL;CS;1
ASJL;PVQL;CS;14
AVFL;PVQL;CS;1
AVFR;PVQL;CS;1
AVHL;PVQL;CS;1
AVKR;PVQL;CS;1
PHAL;PVQL;CS;2
PHAR;PVQL;CS;2
ASJR;PVQR;CS;13
AVFL;PVQR;CS;1
AVG;PVQR;CS;1
AVHL;PVQR;CS;2
AVJR;PVQR;CS;1
HSNR;PVQR;CS;1
PVPR;PVQR;CS;1
VC02;PVQR;CS;1
VC03;PVQR;CS;4
ADER;PVR;CS;1
AVM;PVR;CS;3
DVA;PVR;CS;3
IL1DL;PVR;CS;1
LUAR;PVR;CS;1
PDEL;PVR;CS;2
PVCR;PVR;CS;1
PVM;PVR;CS;1
SMDVL;PVR;CS;1
AVEL;PVT;CS;1
AVG;PVT;CS;1
DVC;PVT;CS;1
PVNL;PVT;CS;1
PVNR;PVT;CS;2
PVQR;PVT;CS;1
PVWL;PVT;CS;2
PVWR;PVT;CS;1
RMFL;PVT;CS;1
VA09;PVT;CS;1
VB10;PVT;CS;1
VC01;PVT;CS;2
VC02;PVT;CS;2
VC05;PVT;CS;1
AVL;PVWL;CS;1
LUAL;PVWL;CS;1
LUAR;PVWL;CS;1
PVNL;PVWL;CS;1
PVNR;PVWL;CS;2
PVCR;PVWR;CS;1
PVWL;PVWR;CS;1
ADEL;RIAL;CS;1
ADFL;RIAL;CS;15
AIBR;RIAL;CS;1
AIYL;RIAL;CS;7
AIZL;RIAL;CS;8
AQR;RIAL;CS;3
ASHL;RIAL;CS;4
AUAL;RIAL;CS;5
AWBL;RIAL;CS;3
AWCL;RIAL;CS;3
BAGR;RIAL;CS;5
DVA;RIAL;CS;1
IL2VL;RIAL;CS;1
RIAR;RIAL;CS;4
RIBL;RIAL;CS;3
RIH;RIAL;CS;11
RIR;RIAL;CS;5
RIVL;RIAL;CS;1
RIVR;RIAL;CS;2
RMDL;RIAL;CS;4
RMDR;RIAL;CS;3
SMDDL;RIAL;CS;1
SMDDR;RIAL;CS;2
SMDVL;RIAL;CS;3
SMDVR;RIAL;CS;7
URXL;RIAL;CS;8
URYVL;RIAL;CS;1
ADFR;RIAR;CS;16
AIYR;RIAR;CS;6
AIZR;RIAR;CS;7
AQR;RIAR;CS;2
ASEL;RIAR;CS;1
ASHR;RIAR;CS;2
AUAR;RIAR;CS;6
AWBR;RIAR;CS;1
BAGL;RIAR;CS;5
DVA;RIAR;CS;2
IL2VR;RIAR;CS;2
PVPR;RIAR;CS;2
RIAL;RIAR;CS;1
RIBR;RIAR;CS;2
RIH;RIAR;CS;8
RIR;RIAR;CS;1
RIVL;RIAR;CS;1
RIVR;RIAR;CS;2
RMDL;RIAR;CS;3
RMDR;RIAR;CS;7
SMDDL;RIAR;CS;2
SMDDR;RIAR;CS;1
SMDVL;RIAR;CS;8
SMDVR;RIAR;CS;5
URXR;RIAR;CS;3
URYVR;RIAR;CS;1
AIBR;RIBL;CS;4
AINL;RIBL;CS;1
AINR;RIBL;CS;2
AIYL;RIBL;CS;4
ASIL;RIBL;CS;1
AUAL;RIBL;CS;9
BAGL;RIBL;CS;1
BAGR;RIBL;CS;4
CEPDL;RIBL;CS;2
DVC;RIBL;CS;1
IL2DL;RIBL;CS;1
OLLL;RIBL;CS;8
RIGL;RIBL;CS;1
RIH;RIBL;CS;5
RIML;RIBL;CS;1
RIS;RIBL;CS;3
RMED;RIBL;CS;1
URYDL;RIBL;CS;1
URYVL;RIBL;CS;2
AIBL;RIBR;CS;4
AINL;RIBR;CS;2
AIYR;RIBR;CS;2
AUAR;RIBR;CS;13
BAGL;RIBR;CS;7
CEPDR;RIBR;CS;1
DVC;RIBR;CS;1
OLLR;RIBR;CS;10
RIGR;RIBR;CS;1
RIH;RIBR;CS;4
RIMR;RIBR;CS;1
RIS;RIBR;CS;5
RMED;RIBR;CS;1
URYDR;RIBR;CS;1
URYVR;RIBR;CS;1
ADAL;RICL;CS;2
ADAR;RICL;CS;1
ADLR;RICL;CS;1
CEPDL;RICL;CS;2
CEPDR;RICL;CS;4
CEPVL;RICL;CS;7
CEPVR;RICL;CS;2
IL2L;RICL;CS;1
OLQDR;RICL;CS;1
OLQVL;RICL;CS;1
URXL;RICL;CS;1
ADAL;RICR;CS;1
ADLR;RICR;CS;1
CEPDL;RICR;CS;4
CEPDR;RICR;CS;3
CEPVL;RICR;CS;4
CEPVR;RICR;CS;4
IL2DR;RICR;CS;1
OLQDL;RICR;CS;1
OLQDR;RICR;CS;1
OLQVR;RICR;CS;1
SDQL;RICR;CS;1
SDQR;RICR;CS;1
URBL;RICR;CS;1
URBR;RICR;CS;1
AINR;RID;CS;1
AVM;RID;CS;1
PVCL;RID;CS;5
PVCR;RID;CS;5
RMGL;RID;CS;1
ADEL;RIFL;CS;1
AIAL;RIFL;CS;1
AIBL;RIFL;CS;1
AIML;RIFL;CS;1
HSNL;RIFL;CS;3
PVNL;RIFL;CS;1
AIAR;RIFR;CS;2
AIMR;RIFR;CS;1
ASKR;RIFR;CS;1
AVJL;RIFR;CS;1
AWAR;RIFR;CS;2
HSNR;RIFR;CS;4
PVQR;RIFR;CS;1
ADEL;RIGL;CS;5
ADER;RIGL;CS;7
ADFL;RIGL;CS;1
AIZL;RIGL;CS;1
AVAR;RIGL;CS;1
AVHR;RIGL;CS;1
BAGL;RIGL;CS;1
BAGR;RIGL;CS;5
DVC;RIGL;CS;5
PVPL;RIGL;CS;2
PVT;RIGL;CS;2
RIR;RIGL;CS;1
URXL;RIGL;CS;3
ADEL;RIGR;CS;6
ADER;RIGR;CS;4
ADFR;RIGR;CS;3
AIBL;RIGR;CS;1
AWAR;RIGR;CS;1
BAGL;RIGR;CS;4
DVC;RIGR;CS;5
PVPR;RIGR;CS;1
PVT;RIGR;CS;3
RIBR;RIGR;CS;1
RMFL;RIGR;CS;1
URXR;RIGR;CS;2
ADEL;RIH;CS;2
ADER;RIH;CS;1
IL1DL;RIH;CS;1
IL2L;RIH;CS;7
IL2R;RIH;CS;6
IL2VL;RIH;CS;2
IL2VR;RIH;CS;3
OLQVL;RIH;CS;1
OLQVR;RIH;CS;2
PVT;RIH;CS;1
RIBR;RIH;CS;1
URYVL;RIH;CS;1
ADAL;RIML;CS;3
AIBL;RIML;CS;2
AIBR;RIML;CS;16
AIZL;RIML;CS;4
ASHL;RIML;CS;1
AVKL;RIML;CS;2
AVKR;RIML;CS;2
HSNL;RIML;CS;2
RICL;RIML;CS;1
RIFL;RIML;CS;4
RIS;RIML;CS;1
SAADL;RIML;CS;3
SAADR;RIML;CS;4
SAAVL;RIML;CS;2
SAAVR;RIML;CS;5
VB01;RIML;CS;2
ADAR;RIMR;CS;5
AIBL;RIMR;CS;13
AIBR;RIMR;CS;1
AIZR;RIMR;CS;4
AVHL;RIMR;CS;1
AVKL;RIMR;CS;1
AVKR;RIMR;CS;2
DVA;RIMR;CS;1
PVPR;RIMR;CS;1
RICL;RIMR;CS;3
RIFR;RIMR;CS;4
RIS;RIMR;CS;4
RMDR;RIMR;CS;2
SAADL;RIMR;CS;6
SAADR;RIMR;CS;5
SAAVL;RIMR;CS;12
SAAVR;RIMR;CS;2
ADAL;RIPL;CS;1
ADLL;RIPL;CS;1
ASHL;RIPL;CS;1
CEPDL;RIPL;CS;2
CEPVL;RIPL;CS;1
IL1DL;RIPL;CS;2
IL1VL;RIPL;CS;4
IL2DL;RIPL;CS;10
IL2VL;RIPL;CS;11
OLQVL;RIPL;CS;1
PVR;RIPL;CS;3
RIH;RIPL;CS;5
URADL;RIPL;CS;3
URAVL;RIPL;CS;3
ADAR;RIPR;CS;1
CEPVR;RIPR;CS;1
IL1DR;RIPR;CS;5
IL1VR;RIPR;CS;6
IL2DR;RIPR;CS;11
IL2VR;RIPR;CS;15
OLQVR;RIPR;CS;2
PVR;RIPR;CS;3
RIFR;RIPR;CS;1
RIH;RIPR;CS;6
URADR;RIPR;CS;3
URAVR;RIPR;CS;3
URXR;RIPR;CS;3
ADFL;RIR;CS;2
ADFR;RIR;CS;3
AVHL;RIR;CS;3
AVHR;RIR;CS;4
AWAR;RIR;CS;2
AWBR;RIR;CS;2
DVA;RIR;CS;3
RIGL;RIR;CS;2
RIGR;RIR;CS;1
RMGR;RIR;CS;1
AVJL;RIS;CS;1
CEPDL;RIS;CS;1
CEPDR;RIS;CS;1
PVCL;RIS;CS;2
RIMR;RIS;CS;1
RMDR;RIS;CS;1
SDQL;RIS;CS;3
URYVL;RIS;CS;1
ADEL;RIVL;CS;1
CEPVR;RIVL;CS;1
RIAL;RIVL;CS;2
RIAR;RIVL;CS;1
SMDVL;RIVL;CS;1
ADAR;RIVR;CS;1
ADEL;RIVR;CS;1
RIAL;RIVR;CS;4
RICL;RIVR;CS;1
SMDVR;RIVR;CS;1
ALMR;RMDDL;CS;1
CEPDR;RMDDL;CS;1
CEPVL;RMDDL;CS;4
IL1L;RMDDL;CS;5
IL1R;RMDDL;CS;3
IL1VL;RMDDL;CS;5
OLLL;RMDDL;CS;7
OLQDR;RMDDL;CS;3
RIAL;RMDDL;CS;12
RIAR;RMDDL;CS;10
RIS;RMDDL;CS;1
RIVR;RMDDL;CS;1
RMDR;RMDDL;CS;1
RMDVR;RMDDL;CS;4
SMDVR;RMDDL;CS;2
URYDR;RMDDL;CS;3
URYVL;RMDDL;CS;4
ALML;RMDDR;CS;1
CEPVR;RMDDR;CS;2
IL1DL;RMDDR;CS;1
IL1R;RMDDR;CS;2
IL1VR;RMDDR;CS;10
OLLR;RMDDR;CS;10
OLQDL;RMDDR;CS;4
RIAL;RMDDR;CS;7
RIAR;RMDDR;CS;11
RMDL;RMDDR;CS;1
RMDVL;RMDDR;CS;6
SMDVL;RMDDR;CS;1
URBL;RMDDR;CS;1
URYDL;RMDDR;CS;4
URYVR;RMDDR;CS;6
ADEL;RMDL;CS;4
IL1L;RMDL;CS;1
IL1R;RMDL;CS;4
IL2L;RMDL;CS;3
IL2R;RMDL;CS;2
OLLL;RMDL;CS;2
OLLR;RMDL;CS;3
RIAL;RMDL;CS;6
RIAR;RMDL;CS;3
RIML;RMDL;CS;1
RIMR;RMDL;CS;3
RIS;RMDL;CS;2
RIVL;RMDL;CS;2
RMDR;RMDL;CS;1
RMFR;RMDL;CS;2
RMGL;RMDL;CS;1
RMGR;RMDL;CS;4
URBR;RMDL;CS;1
ADER;RMDR;CS;2
ALA;RMDR;CS;1
AVKR;RMDR;CS;1
IL1L;RMDR;CS;3
IL1R;RMDR;CS;2
IL2L;RMDR;CS;1
RIAL;RMDR;CS;6
RIAR;RMDR;CS;8
RIML;RMDR;CS;1
RIMR;RMDR;CS;1
RIS;RMDR;CS;4
RIVR;RMDR;CS;1
RMDL;RMDR;CS;3
RMFL;RMDR;CS;3
RMGL;RMDR;CS;3
RMGR;RMDR;CS;2
RMHL;RMDR;CS;1
URBR;RMDR;CS;1
URXR;RMDR;CS;1
CEPDL;RMDVL;CS;3
IL1DL;RMDVL;CS;4
IL1L;RMDVL;CS;4
IL1R;RMDVL;CS;1
OLLL;RMDVL;CS;1
OLQVR;RMDVL;CS;4
RIAL;RMDVL;CS;9
RIAR;RMDVL;CS;12
RMDDR;RMDVL;CS;12
RMGL;RMDVL;CS;3
URAVR;RMDVL;CS;1
URYDL;RMDVL;CS;6
URYVR;RMDVL;CS;4
CEPDR;RMDVR;CS;2
IL1DR;RMDVR;CS;5
IL1L;RMDVR;CS;2
IL1R;RMDVR;CS;4
OLLR;RMDVR;CS;3
OLQVL;RMDVR;CS;4
RIAL;RMDVR;CS;11
RIAR;RMDVR;CS;10
RIVR;RMDVR;CS;1
RMDDL;RMDVR;CS;7
RMGR;RMDVR;CS;5
URADR;RMDVR;CS;1
URYDR;RMDVR;CS;5
URYVL;RMDVR;CS;2
IL2DR;RMED;CS;1
SMBDL;RMED;CS;3
SMBDR;RMED;CS;4
URADR;RMED;CS;1
IL1R;RMEL;CS;2
IL2DL;RMEL;CS;4
IL2DR;RMEL;CS;2
IL2R;RMEL;CS;2
IL2VL;RMEL;CS;2
IL2VR;RMEL;CS;3
OLLL;RMEL;CS;2
URADL;RMEL;CS;1
URAVL;RMEL;CS;1
IL1L;RMER;CS;1
IL1VR;RMER;CS;1
IL2DL;RMER;CS;3
IL2DR;RMER;CS;2
IL2L;RMER;CS;2
IL2VL;RMER;CS;4
IL2VR;RMER;CS;2
OLLR;RMER;CS;2
OLQVR;RMER;CS;1
RIH;RMER;CS;2
RMDL;RMER;CS;1
RMHR;RMER;CS;1
URADR;RMER;CS;1
URAVL;RMER;CS;1
URAVR;RMER;CS;2
IL2DR;RMEV;CS;1
IL2L;RMEV;CS;2
IL2R;RMEV;CS;1
IL2VL;RMEV;CS;1
IL2VR;RMEV;CS;3
PVT;RMEV;CS;1
RIH;RMEV;CS;1
RIVR;RMEV;CS;1
SMBVL;RMEV;CS;5
SMBVR;RMEV;CS;3
URAVL;RMEV;CS;2
URAVR;RMEV;CS;2
AVKR;RMFL;CS;1
DVC;RMFL;CS;2
PVT;RMFL;CS;2
RIGL;RMFL;CS;1
RIMR;RMFL;CS;1
RMDL;RMFL;CS;1
SAADR;RMFL;CS;1
SDQL;RMFL;CS;1
VB01;RMFL;CS;2
AVKL;RMFR;CS;1
DVC;RMFR;CS;4
PVT;RMFR;CS;3
RICL;RMFR;CS;1
RIML;RMFR;CS;1
RIMR;RMFR;CS;1
SAAVL;RMFR;CS;2
ADEL;RMGL;CS;1
AIAL;RMGL;CS;1
ALML;RMGL;CS;1
CEPDL;RMGL;CS;4
PVQL;RMGL;CS;1
RMHR;RMGL;CS;1
SAADR;RMGL;CS;1
URXL;RMGL;CS;2
AIMR;RMGR;CS;2
ASHR;RMGR;CS;2
CEPDR;RMGR;CS;1
HSNR;RMGR;CS;1
PVPR;RMGR;CS;1
RMFL;RMGR;CS;1
SAADL;RMGR;CS;1
URXR;RMGR;CS;1
ADEL;RMHL;CS;1
CEPDR;RMHL;CS;4
CEPVL;RMHL;CS;1
IL1R;RMHL;CS;1
RIGR;RMHL;CS;4
SDQR;RMHL;CS;2
ALNR;RMHR;CS;1
CEPDL;RMHR;CS;4
CEPDR;RMHR;CS;1
CEPVR;RMHR;CS;2
OLQDR;RMHR;CS;1
RIGL;RMHR;CS;3
RMGL;RMHR;CS;1
SDQR;RMHR;CS;1
AIBL;SAADL;CS;2
AIBR;SAADL;CS;1
AVKR;SAADL;CS;1
BDUL;SAADL;CS;1
PLNL;SAADL;CS;5
RIVR;SAADL;CS;2
SMBVL;SAADL;CS;3
VB01;SAADL;CS;9
AIBL;SAADR;CS;2
AVKL;SAADR;CS;1
DVA;SAADR;CS;1
PLNR;SAADR;CS;4
RIAR;SAADR;CS;1
RIML;SAADR;CS;1
RIVL;SAADR;CS;3
SMBVR;SAADR;CS;4
VB01;SAADR;CS;4
ALNL;SAAVL;CS;3
DVA;SAAVL;CS;1
RIML;SAAVL;CS;3
RIMR;SAAVL;CS;3
SMBDR;SAAVL;CS;3
ADER;SAAVR;CS;1
ALNR;SAAVR;CS;2
DVA;SAAVR;CS;1
RIML;SAAVR;CS;2
RIMR;SAAVR;CS;3
SMBDL;SAAVR;CS;2
AVAR;SABD;CS;1
AVDL;SABD;CS;2
AVDR;SABD;CS;1
AVEL;SABD;CS;6
AVER;SABD;CS;2
AVL;SABD;CS;5
DVA;SABD;CS;1
HSNR;SABD;CS;1
PVR;SABD;CS;1
VB01;SABD;CS;1
AVAR;SABVL;CS;3
AVDL;SABVL;CS;1
AVDR;SABVL;CS;3
AVEL;SABVL;CS;7
AVER;SABVL;CS;3
AVJR;SABVL;CS;1
AVL;SABVL;CS;4
HSNL;SABVL;CS;2
AVDL;SABVR;CS;1
AVDR;SABVR;CS;1
AVEL;SABVR;CS;3
AVER;SABVR;CS;3
AVL;SABVR;CS;3
HSNR;SABVR;CS;1
ALML;SDQL;CS;1
BDUR;SDQL;CS;1
ALMR;SIADL;CS;1
CEPDR;SIADL;CS;1
RIAL;SIADL;CS;2
RIAR;SIADL;CS;1
ADEL;SIADR;CS;1
CEPDL;SIADR;CS;2
RIAR;SIADR;CS;1
CEPVL;SIAVL;CS;2
RIAR;SIAVL;CS;1
RIVR;SIAVL;CS;2
RMGL;SIAVL;CS;1
URBL;SIAVL;CS;1
AVKL;SIAVR;CS;1
CEPVR;SIAVR;CS;2
RIVL;SIAVR;CS;2
URBR;SIAVR;CS;2
URXR;SIAVR;CS;1
OLQVL;SIBDL;CS;3
ADEL;SIBDR;CS;1
OLQVR;SIBDR;CS;4
RMDVR;SIBDR;CS;1
URYVR;SIBDR;CS;1
AVM;SIBVL;CS;1
OLQDL;SIBVL;CS;3
PVCL;SIBVL;CS;2
RMGL;SIBVL;CS;2
URYVR;SIBVL;CS;1
OLQDR;SIBVR;CS;2
PVCR;SIBVR;CS;2
RMDVR;SIBVR;CS;1
RMGL;SIBVR;CS;1
URYVL;SIBVR;CS;1
AIZL;SMBDL;CS;9
ALNR;SMBDL;CS;2
AVHR;SMBDL;CS;1
AVKR;SMBDL;CS;1
AWBL;SMBDL;CS;1
DVA;SMBDL;CS;3
RICL;SMBDL;CS;2
URBR;SMBDL;CS;1
ADEL;SMBDR;CS;1
ADFR;SMBDR;CS;1
AIZR;SMBDR;CS;5
ALNL;SMBDR;CS;2
AVHL;SMBDR;CS;1
CEPDL;SMBDR;CS;1
CEPDR;SMBDR;CS;1
DVA;SMBDR;CS;2
PVT;SMBDR;CS;1
RICR;SMBDR;CS;1
URBL;SMBDR;CS;1
ADFL;SMBVL;CS;2
AIML;SMBVL;CS;1
AIZL;SMBVL;CS;7
AVHR;SMBVL;CS;1
DVA;SMBVL;CS;3
PLNL;SMBVL;CS;6
RMGL;SMBVL;CS;2
ADFR;SMBVR;CS;2
AIZR;SMBVR;CS;3
AVHL;SMBVR;CS;2
AWBR;SMBVR;CS;1
DVA;SMBVR;CS;2
PLNR;SMBVR;CS;6
AIBR;SMDDL;CS;3
AVKR;SMDDL;CS;1
OLLL;SMDDL;CS;3
RIAL;SMDDL;CS;8
RIAR;SMDDL;CS;7
RIBR;SMDDL;CS;1
RICL;SMDDL;CS;3
RICR;SMDDL;CS;4
RIMR;SMDDL;CS;2
RIVR;SMDDL;CS;2
SAAVR;SMDDL;CS;6
SMDVR;SMDDL;CS;2
URYDL;SMDDL;CS;1
URYDR;SMDDL;CS;4
AIBL;SMDDR;CS;4
AIZR;SMDDR;CS;1
ALNR;SMDDR;CS;1
AVKL;SMDDR;CS;1
AVKR;SMDDR;CS;2
OLLL;SMDDR;CS;4
OLLR;SMDDR;CS;1
RIAL;SMDDR;CS;10
RIAR;SMDDR;CS;7
RICL;SMDDR;CS;3
RICR;SMDDR;CS;3
RIML;SMDDR;CS;5
RIMR;SMDDR;CS;4
RIS;SMDDR;CS;2
RIVL;SMDDR;CS;1
RMEV;SMDDR;CS;1
SAAVL;SMDDR;CS;8
SMDVL;SMDDR;CS;4
URYDL;SMDDR;CS;2
ADAR;SMDVL;CS;2
AIBR;SMDVL;CS;1
ALNL;SMDVL;CS;1
ALNR;SMDVL;CS;1
OLLR;SMDVL;CS;4
RIAL;SMDVL;CS;6
RIAR;SMDVL;CS;13
RICR;SMDVL;CS;2
RIML;SMDVL;CS;1
URYVR;SMDVL;CS;3
ADAL;SMDVR;CS;2
OLLL;SMDVR;CS;4
OLLR;SMDVR;CS;3
RIAL;SMDVR;CS;11
RIAR;SMDVR;CS;7
RIBL;SMDVR;CS;2
RICL;SMDVR;CS;1
RICR;SMDVR;CS;1
RIS;SMDVR;CS;1
RIVR;SMDVR;CS;2
SMDDL;SMDVR;CS;2
URYVL;SMDVR;CS;4
BDUL;URADL;CS;1
CEPDL;URADL;CS;2
IL2DL;URADL;CS;3
PVR;URADL;CS;1
BDUR;URADR;CS;1
CEPDR;URADR;CS;1
IL2DR;URADR;CS;3
CEPVL;URAVL;CS;2
IL2VL;URAVL;CS;3
CEPVR;URAVR;CS;1
IL2VR;URAVR;CS;4
ADEL;URBL;CS;1
CEPDL;URBL;CS;4
VC05;URBL;CS;3
CEPDR;URBR;CS;2
IL2R;URBR;CS;1
AQR;URXL;CS;1
IL2L;URXL;CS;2
RIR;URXL;CS;5
RMGL;URXL;CS;1
URBL;URXL;CS;4
ADFR;URXR;CS;1
AUAR;URXR;CS;1
IL1R;URXR;CS;2
IL2VR;URXR;CS;1
RIR;URXR;CS;2
RMGR;URXR;CS;1
URBR;URXR;CS;6
CEPDL;URYDL;CS;2
IL1DL;URYDL;CS;1
OLLL;URYDL;CS;1
RMDDR;URYDL;CS;1
CEPDR;URYDR;CS;1
URADR;URYDR;CS;1
IL1VL;URYVL;CS;1
RIH;URYVR;CS;1
RIS;URYVR;CS;1
AVEL;VA01;CS;5
AVER;VA01;CS;1
AVM;VA01;CS;2
VB01;VA01;CS;3
VD01;VA01;CS;2
AVAL;VA02;CS;1
AVAR;VA02;CS;2
AVBL;VA02;CS;1
AVDR;VA02;CS;1
AVER;VA02;CS;1
DVA;VA02;CS;1
SABD;VA02;CS;1
VB02;VA02;CS;1
VD02;VA02;CS;6
AVAL;VA03;CS;2
AVAR;VA03;CS;5
AVDR;VA03;CS;2
AVEL;VA03;CS;3
AVER;VA03;CS;2
VA02;VA03;CS;2
VB01;VA03;CS;1
VD03;VA03;CS;2
AVAL;VA04;CS;2
AVAR;VA04;CS;2
AVBR;VA04;CS;1
AVER;VA04;CS;1
VA03;VA04;CS;1
VB03;VA04;CS;1
AVAL;VA05;CS;3
AVAR;VA05;CS;1
AVDL;VA05;CS;2
AVER;VA05;CS;1
VD05;VA05;CS;2
AVAL;VA06;CS;4
AVAR;VA06;CS;3
AVDR;VA06;CS;1
HSNR;VA06;CS;1
VD06;VA06;CS;1
AVBL;VA07;CS;1
AVAL;VA08;CS;9
AVAR;VA08;CS;12
VB06;VA08;CS;1
VD08;VA08;CS;4
AVAL;VA09;CS;7
AVAR;VA09;CS;6
AVBR;VA09;CS;1
PDEL;VA09;CS;1
PVDR;VA09;CS;1
VA08;VA09;CS;1
VB08;VA09;CS;9
AVAL;VA10;CS;5
AVAR;VA10;CS;4
AVBL;VA10;CS;1
AVAL;VA11;CS;6
AVAR;VA11;CS;8
AVDR;VA11;CS;1
AVG;VA11;CS;1
VA12;VA11;CS;1
VD11;VA11;CS;1
VD12;VA11;CS;3
AVAL;VA12;CS;2
DVA;VA12;CS;1
PHBL;VA12;CS;1
PHBR;VA12;CS;2
PHCL;VA12;CS;2
PHCR;VA12;CS;1
PVWL;VA12;CS;1
PVWR;VA12;CS;1
VB11;VA12;CS;1
VD12;VA12;CS;2
VD13;VA12;CS;1
AIBR;VB01;CS;3
AVFL;VB01;CS;1
DVA;VB01;CS;1
FLPR;VB01;CS;1
VA02;VB01;CS;2
AIZL;VB02;CS;1
AVBL;VB02;CS;1
VD02;VB02;CS;3
VD03;VB02;CS;2
PVCL;VB03;CS;1
VA04;VB03;CS;2
PVCL;VB04;CS;1
PVCR;VB04;CS;3
VD05;VB04;CS;2
PVCL;VB05;CS;1
VA06;VB05;CS;2
VD06;VB05;CS;2
PVCL;VB06;CS;2
PVCR;VB06;CS;2
VA08;VB06;CS;1
PVCR;VB07;CS;3
VB06;VB07;CS;1
DD05;VB08;CS;1
PVCL;VB08;CS;1
PVCR;VB08;CS;1
VA08;VB08;CS;1
VA09;VB08;CS;6
VB09;VB08;CS;1
VB08;VB09;CS;3
VD10;VB09;CS;2
PVCL;VB10;CS;2
PVCR;VB10;CS;1
VA11;VB10;CS;1
VD11;VB10;CS;1
VD12;VB10;CS;1
DVA;VB11;CS;2
PVCL;VB11;CS;1
VD12;VB11;CS;1
VC02;VC01;CS;4
VC03;VC01;CS;2
VC04;VC01;CS;1
HSNR;VC02;CS;3
PVNR;VC02;CS;2
VB02;VC02;CS;1
VC01;VC02;CS;3
VC03;VC02;CS;1
AVBL;VC03;CS;1
HSNR;VC03;CS;1
PVNR;VC03;CS;1
VC01;VC03;CS;1
VC02;VC03;CS;4
VC04;VC03;CS;4
VC05;VC03;CS;1
VC05;VC04;CS;1
HSNL;VC05;CS;3
VC04;VC05;CS;1
AS01;VD01;CS;5
AVHL;VD01;CS;1
DA01;VD01;CS;17
DA02;VD01;CS;2
DB01;VD01;CS;21
PVQR;VD01;CS;1
VA01;VD01;CS;2
VA02;VD01;CS;2
VB01;VD01;CS;3
VC01;VD01;CS;4
VC02;VD01;CS;2
VC03;VD01;CS;1
AS02;VD02;CS;10
AS03;VD02;CS;1
AVEL;VD02;CS;1
DA01;VD02;CS;1
DA02;VD02;CS;11
DB01;VD02;CS;15
DD01;VD02;CS;1
VA02;VD02;CS;8
VA03;VD02;CS;3
VB01;VD02;CS;1
VB02;VD02;CS;9
VC01;VD02;CS;1
VC02;VD02;CS;2
VC03;VD02;CS;1
AS03;VD03;CS;15
AVBR;VD03;CS;1
AVEL;VD03;CS;1
DA02;VD03;CS;5
DA03;VD03;CS;25
DB01;VD03;CS;1
DB02;VD03;CS;23
DD02;VD03;CS;1
VA03;VD03;CS;3
VB02;VD03;CS;3
VC01;VD03;CS;1
VC03;VD03;CS;1
AS04;VD04;CS;11
DA03;VD04;CS;6
DA04;VD04;CS;12
DA06;VD04;CS;4
DB02;VD04;CS;14
DB03;VD04;CS;9
DD02;VD04;CS;1
HSNR;VD04;CS;2
VA04;VD04;CS;3
VC01;VD04;CS;2
VC02;VD04;CS;5
VC03;VD04;CS;2
AS05;VD05;CS;9
DA04;VD05;CS;15
DA05;VD05;CS;1
DA06;VD05;CS;3
DB02;VD05;CS;1
DB03;VD05;CS;26
RID;VD05;CS;2
VA05;VD05;CS;2
VA06;VD05;CS;1
VC01;VD05;CS;5
VC02;VD05;CS;5
VC03;VD05;CS;4
AS06;VD06;CS;13
DA05;VD06;CS;16
DA06;VD06;CS;3
DB03;VD06;CS;7
DB04;VD06;CS;13
PVNR;VD06;CS;1
VA06;VD06;CS;2
VB05;VD06;CS;7
VB06;VD06;CS;1
VC01;VD06;CS;1
VC02;VD06;CS;1
VC03;VD06;CS;4
PVNR;VD07;CS;1
VA07;VD07;CS;9
VA08;VD07;CS;5
VB06;VD07;CS;8
VC03;VD07;CS;5
VA08;VD08;CS;5
DD05;VD09;CS;1
VA09;VD09;CS;10
VB08;VD09;CS;10
PVDL;VD10;CS;1
VB08;VD10;CS;1
VB09;VD10;CS;5
AVFR;VD11;CS;1
PDEL;VD11;CS;1
VB10;VD11;CS;1
AVL;VD12;CS;4
PVNR;VD12;CS;1
VA11;VD12;CS;4
VA12;VD12;CS;3
VB10;VD12;CS;2
AS11;VD13;CS;2
AVAR;VD13;CS;2
DA09;VD13;CS;1
DB07;VD13;CS;2
PDA;VD13;CS;3
PDB;VD13;CS;4
RID;VD13;CS;1
VA12;VD13;CS;11
ADEL;MDL05;NMJ;1.0
AS01;MDL05;NMJ;3.25
AS01;MDR05;NMJ;3.25
AS01;MDL08;NMJ;3.25
AS01;MDR08;NMJ;3.25
AS02;MDL08;NMJ;2.75
AS02;MDR08;NMJ;2.75
AS02;MDL07;NMJ;2.75
AS02;MDR07;NMJ;2.75
AS03;MDL10;NMJ;3.0
AS03;MDR10;NMJ;3.0
AS03;MDL09;NMJ;3.0
AS03;MDR09;NMJ;3.0
AS04;MDL12;NMJ;2.25
AS04;MDR12;NMJ;2.25
AS04;MDL11;NMJ;2.25
AS04;MDR11;NMJ;2.25
AS05;MDL11;NMJ;2.5
AS05;MDR11;NMJ;2.5
AS05;MDL14;NMJ;2.5
AS05;MDR14;NMJ;2.5
AS06;MDL14;NMJ;2.5
AS06;MDR14;NMJ;2.5
AS06;MDL13;NMJ;2.5
AS06;MDR13;NMJ;2.5
AS07;MDL13;NMJ;2.708333333
AS07;MDR13;NMJ;2.708333333
AS07;MDL16;NMJ;2.708333333
AS07;MDR16;NMJ;2.708333333
AS08;MDL15;NMJ;2.708333333
AS08;MDR15;NMJ;2.708333333
AS08;MDL18;NMJ;2.708333333
AS08;MDR18;NMJ;2.708333333
AS09;MDL20;NMJ;2.708333333
AS09;MDR20;NMJ;2.708333333
AS09;MDL17;NMJ;2.708333333
AS09;MDR17;NMJ;2.708333333
AS10;MDL20;NMJ;2.708333333
AS10;MDR20;NMJ;2.708333333
AS10;MDL19;NMJ;2.708333333
AS10;MDR19;NMJ;2.708333333
AS11;MDL22;NMJ;2.708333333
AS11;MDR22;NMJ;2.708333333
AS11;MDL21;NMJ;2.708333333
AS11;MDR21;NMJ;2.708333333
AVFL;MVL12;NMJ;1.0
AVFL;MVL11;NMJ;1.0
AVFR;MVL14;NMJ;2.0
AVFR;MVR14;NMJ;2.0
AVKR;MVL10;NMJ;2.0
AVL;MVL10;NMJ;5.0
AVL;MVR10;NMJ;5.0
CEPVL;MVL03;NMJ;1.0
CEPVR;MVR04;NMJ;1.0
DA01;MDL08;NMJ;8.0
DA01;MDR08;NMJ;8.0
DA02;MDL08;NMJ;1.875
DA02;MDR08;NMJ;1.875
DA02;MDL07;NMJ;1.875
DA02;MDR07;NMJ;1.875
DA02;MDL10;NMJ;1.875
DA02;MDR10;NMJ;1.875
DA02;MDL09;NMJ;1.875
DA02;MDR09;NMJ;1.875
DA03;MDL10;NMJ;5.0
DA03;MDR10;NMJ;5.0
DA03;MDL09;NMJ;5.0
DA03;MDR09;NMJ;5.0
DA03;MDL12;NMJ;5.0
DA03;MDR12;NMJ;5.0
DA04;MDL12;NMJ;4.333333333
DA04;MDR12;NMJ;4.333333333
DA04;MDL11;NMJ;4.333333333
DA04;MDR11;NMJ;4.333333333
DA04;MDL14;NMJ;4.333333333
DA04;MDR14;NMJ;4.333333333
DA05;MDL14;NMJ;4.25
DA05;MDR14;NMJ;4.25
DA05;MDL13;NMJ;4.25
DA05;MDR13;NMJ;4.25
DA06;MDL12;NMJ;4.0
DA06;MDR12;NMJ;4.0
DA06;MDL11;NMJ;4.0
DA06;MDR11;NMJ;4.0
DA06;MDL14;NMJ;4.0
DA06;MDR14;NMJ;4.0
DA06;MDL13;NMJ;4.0
DA06;MDR13;NMJ;4.0
DA06;MDL16;NMJ;4.0
DA06;MDR16;NMJ;4.0
DA07;MDL15;NMJ;4.0
DA07;MDR15;NMJ;4.0
DA07;MDL18;NMJ;4.0
DA07;MDR18;NMJ;4.0
DA07;MDL17;NMJ;4.0
DA07;MDR17;NMJ;4.0
DA08;MDL20;NMJ;4.0
DA08;MDR20;NMJ;4.0
DA08;MDL19;NMJ;4.0
DA08;MDR19;NMJ;4.0
DA08;MDL17;NMJ;4.0
DA08;MDR17;NMJ;4.0
DA09;MDL21;NMJ;4.0
DA09;MDR21;NMJ;4.0
DA09;MDL19;NMJ;4.0
DA09;MDR19;NMJ;4.0
DA09;MDL22;NMJ;4.0
DA09;MDR22;NMJ;4.0
DB01;MDL08;NMJ;0.75
DB01;MDR08;NMJ;0.75
DB01;MDL07;NMJ;0.75
DB01;MDR07;NMJ;0.75
DB02;MDL10;NMJ;3.0
DB02;MDR10;NMJ;3.0
DB02;MDL09;NMJ;3.0
DB02;MDR09;NMJ;3.0
DB02;MDL12;NMJ;3.0
DB02;MDR12;NMJ;3.0
DB02;MDL11;NMJ;3.0
DB02;MDR11;NMJ;3.0
DB03;MDL12;NMJ;3.125
DB03;MDR12;NMJ;3.125
DB03;MDL11;NMJ;3.125
DB03;MDR11;NMJ;3.125
DB03;MDL14;NMJ;3.125
DB03;MDR14;NMJ;3.125
DB03;MDL13;NMJ;3.125
DB03;MDR13;NMJ;3.125
DB04;MDL14;NMJ;2.6
DB04;MDR14;NMJ;2.6
DB04;MDL13;NMJ;2.6
DB04;MDR13;NMJ;2.6
DB04;MDL16;NMJ;2.6
DB04;MDR16;NMJ;2.6
DB05;MDL15;NMJ;2.6
DB05;MDR15;NMJ;2.6
DB05;MDL18;NMJ;2.6
DB05;MDR18;NMJ;2.6
DB05;MDL17;NMJ;2.6
DB05;MDR17;NMJ;2.6
DB06;MDL17;NMJ;2.6
DB06;MDR17;NMJ;2.6
DB06;MDL20;NMJ;2.6
DB06;MDR20;NMJ;2.6
DB06;MDL19;NMJ;2.6
DB06;MDR19;NMJ;2.6
DB07;MDL22;NMJ;2.6
DB07;MDR22;NMJ;2.6
DB07;MDL21;NMJ;2.6
DB07;MDR21;NMJ;2.6
DB07;MDL19;NMJ;2.6
DB07;MDR19;NMJ;2.6
DD01;MDL08;NMJ;4.25
DD01;MDR08;NMJ;4.25
DD01;MDL07;NMJ;4.25
DD01;MDR07;NMJ;4.25
DD01;MDL10;NMJ;4.25
DD01;MDR10;NMJ;4.25
DD01;MDL09;NMJ;4.25
DD01;MDR09;NMJ;4.25
DD02;MDL09;NMJ;4.666666667
DD02;MDR09;NMJ;4.666666667
DD02;MDL12;NMJ;4.666666667
DD02;MDR12;NMJ;4.666666667
DD02;MDL11;NMJ;4.666666667
DD02;MDR11;NMJ;4.666666667
DD03;MDL11;NMJ;5.333333333
DD03;MDR11;NMJ;5.333333333
DD03;MDL14;NMJ;5.333333333
DD03;MDR14;NMJ;5.333333333
DD03;MDL13;NMJ;5.333333333
DD03;MDR13;NMJ;5.333333333
DD04;MDL13;NMJ;4.7
DD04;MDR13;NMJ;4.7
DD04;MDL16;NMJ;4.7
DD04;MDR16;NMJ;4.7
DD04;MDL15;NMJ;4.7
DD04;MDR15;NMJ;4.7
DD05;MDL18;NMJ;4.7
DD05;MDR18;NMJ;4.7
DD05;MDL17;NMJ;4.7
DD05;MDR17;NMJ;4.7
DD05;MDL20;NMJ;4.7
DD05;MDR20;NMJ;4.7
DD06;MDL22;NMJ;4.7
DD06;MDR22;NMJ;4.7
DD06;MDL21;NMJ;4.7
DD06;MDR21;NMJ;4.7
DD06;MDL19;NMJ;4.7
DD06;MDR19;NMJ;4.7
DVB;MANAL;NMJ;5.0
HSNL;MVULVA;NMJ;7.0
HSNR;MVULVA;NMJ;6.0
IL1DL;MDL02;NMJ;1.666666667
IL1DL;MDL01;NMJ;1.666666667
IL1DL;MDL04;NMJ;1.666666667
IL1DR;MDR02;NMJ;3.5
IL1DR;MDR01;NMJ;3.5
IL1L;MDL01;NMJ;2.6
IL1L;MDL03;NMJ;2.6
IL1L;MDL05;NMJ;2.6
IL1L;MVL01;NMJ;2.6
IL1L;MVL03;NMJ;2.6
IL1R;MDR01;NMJ;3.25
IL1R;MDR03;NMJ;3.25
IL1R;MVR01;NMJ;3.25
IL1R;MVR03;NMJ;3.25
IL1VL;MVL02;NMJ;4.5
IL1VL;MVL01;NMJ;4.5
IL1VR;MVR02;NMJ;5.0
IL1VR;MVR01;NMJ;5.0
PDA;MDL21;NMJ;2.0
PDB;MVL22;NMJ;1.0
PDB;MVR21;NMJ;1.0
PVNL;MVL09;NMJ;3.0
PVNR;MVL12;NMJ;1.5
PVNR;MVL13;NMJ;1.5
RID;MDL14;NMJ;1.5
RID;MDL21;NMJ;1.5
RIML;MDR05;NMJ;2.0
RIML;MVR05;NMJ;2.0
RIMR;MDL05;NMJ;1.0
RIMR;MDL07;NMJ;1.0
RIMR;MVL05;NMJ;1.0
RIMR;MVL07;NMJ;1.0
RIVL;MVR06;NMJ;1.333333333
RIVL;MVR05;NMJ;1.333333333
RIVL;MVR08;NMJ;1.333333333
RIVR;MVR04;NMJ;1.0
RIVR;MVR06;NMJ;1.0
RIVR;MVL06;NMJ;1.0
RIVR;MVL05;NMJ;1.0
RIVR;MVL08;NMJ;1.0
RMDDL;MDR02;NMJ;1.333333333
RMDDL;MDR01;NMJ;1.333333333
RMDDL;MDR04;NMJ;1.333333333
RMDDL;MDR03;NMJ;1.333333333
RMDDL;MDR08;NMJ;1.333333333
RMDDL;MVR01;NMJ;1.333333333
RMDDR;MDL02;NMJ;1.428571429
RMDDR;MDL01;NMJ;1.428571429
RMDDR;MDR04;NMJ;1.428571429
RMDDR;MDL04;NMJ;1.428571429
RMDDR;MDL03;NMJ;1.428571429
RMDDR;MVR02;NMJ;1.428571429
RMDDR;MVR01;NMJ;1.428571429
RMDL;MDR01;NMJ;1.222222222
RMDL;MDR03;NMJ;1.222222222
RMDL;MDL03;NMJ;1.222222222
RMDL;MDL05;NMJ;1.222222222
RMDL;MVR01;NMJ;1.222222222
RMDL;MVL01;NMJ;1.222222222
RMDL;MVR03;NMJ;1.222222222
RMDL;MVR05;NMJ;1.222222222
RMDL;MVR07;NMJ;1.222222222
RMDR;MDL03;NMJ;0.8
RMDR;MDL05;NMJ;0.8
RMDR;MDR05;NMJ;0.8
RMDR;MVL03;NMJ;0.8
RMDR;MVL05;NMJ;0.8
RMDVL;MDR01;NMJ;1.0
RMDVL;MVR02;NMJ;1.0
RMDVL;MVR01;NMJ;1.0
RMDVL;MVL04;NMJ;1.0
RMDVL;MVR04;NMJ;1.0
RMDVL;MVR03;NMJ;1.0
RMDVL;MVR06;NMJ;1.0
RMDVL;MVR05;NMJ;1.0
RMDVL;MVR08;NMJ;1.0
RMDVR;MDL01;NMJ;0.818181818
RMDVR;MVL02;NMJ;0.818181818
RMDVR;MVL01;NMJ;0.818181818
RMDVR;MVL04;NMJ;0.818181818
RMDVR;MVR04;NMJ;0.818181818
RMDVR;MVL03;NMJ;0.818181818
RMDVR;MVR06;NMJ;0.818181818
RMDVR;MVL06;NMJ;0.818181818
RMDVR;MVL05;NMJ;0.818181818
RMDVR;MVR08;NMJ;0.818181818
RMDVR;MVL08;NMJ;0.818181818
RMED;MVL02;NMJ;2.0
RMED;MVR02;NMJ;2.0
RMED;MVL04;NMJ;2.0
RMED;MVR04;NMJ;2.0
RMED;MVL06;NMJ;2.0
RMEL;MDR01;NMJ;3.0
RMEL;MDR03;NMJ;3.0
RMEL;MVR01;NMJ;3.0
RMEL;MVR03;NMJ;3.0
RMER;MDL01;NMJ;5.0
RMER;MDL03;NMJ;5.0
RMER;MVL01;NMJ;5.0
RMEV;MDR02;NMJ;1.0
RMEV;MDL02;NMJ;1.0
RMEV;MDR04;NMJ;1.0
RMEV;MDL04;NMJ;1.0
RMEV;MDL06;NMJ;1.0
RMFL;MDR03;NMJ;1.0
RMFL;MVR01;NMJ;1.0
RMFL;MVR03;NMJ;1.0
RMGL;MDL05;NMJ;2.0
RMGL;MVL05;NMJ;2.0
RMGR;MDR05;NMJ;1.0
RMGR;MVR05;NMJ;1.0
RMGR;MVR07;NMJ;1.0
RMHL;MDR01;NMJ;2.666666667
RMHL;MDR03;NMJ;2.666666667
RMHL;MVR01;NMJ;2.666666667
RMHR;MDL01;NMJ;1.75
RMHR;MDL03;NMJ;1.75
RMHR;MDL05;NMJ;1.75
RMHR;MVL01;NMJ;1.75
SMBDL;MDR02;NMJ;1.6
SMBDL;MDR01;NMJ;1.6
SMBDL;MDR04;NMJ;1.6
SMBDL;MDR03;NMJ;1.6
SMBDL;MDR06;NMJ;1.6
SMBDR;MDL02;NMJ;1.666666667
SMBDR;MDR04;NMJ;1.666666667
SMBDR;MDL04;NMJ;1.666666667
SMBDR;MDL03;NMJ;1.666666667
SMBDR;MDL06;NMJ;1.666666667
SMBDR;MDR08;NMJ;1.666666667
SMBVL;MVL02;NMJ;0.857142857
SMBVL;MVL01;NMJ;0.857142857
SMBVL;MVL04;NMJ;0.857142857
SMBVL;MVL03;NMJ;0.857142857
SMBVL;MVL06;NMJ;0.857142857
SMBVL;MVL05;NMJ;0.857142857
SMBVL;MVL08;NMJ;0.857142857
SMBVR;MVR02;NMJ;1.0
SMBVR;MVR01;NMJ;1.0
SMBVR;MVR04;NMJ;1.0
SMBVR;MVR03;NMJ;1.0
SMBVR;MVR06;NMJ;1.0
SMBVR;MVR07;NMJ;1.0
SMDDL;MDR02;NMJ;0.454545455
SMDDL;MDR04;NMJ;0.454545455
SMDDL;MDL04;NMJ;0.454545455
SMDDL;MDR03;NMJ;0.454545455
SMDDL;MDR06;NMJ;0.454545455
SMDDL;MDL06;NMJ;0.454545455
SMDDL;MDR05;NMJ;0.454545455
SMDDL;MDL08;NMJ;0.454545455
SMDDL;MDR07;NMJ;0.454545455
SMDDL;MVL02;NMJ;0.454545455
SMDDL;MVL04;NMJ;0.454545455
SMDDR;MDR04;NMJ;0.428571429
SMDDR;MDL04;NMJ;0.428571429
SMDDR;MDR06;NMJ;0.428571429
SMDDR;MDL06;NMJ;0.428571429
SMDDR;MDL05;NMJ;0.428571429
SMDDR;MDL08;NMJ;0.428571429
SMDDR;MVR02;NMJ;0.428571429
SMDVL;MVR02;NMJ;0.5
SMDVL;MVR04;NMJ;0.5
SMDVL;MVR03;NMJ;0.5
SMDVL;MVL03;NMJ;0.5
SMDVL;MVR06;NMJ;0.5
SMDVL;MVL06;NMJ;0.5
SMDVR;MVL02;NMJ;1.0
SMDVR;MVL04;NMJ;1.0
SMDVR;MVL03;NMJ;1.0
SMDVR;MVR07;NMJ;1.0
URADL;MDL02;NMJ;2.0
URADL;MDL04;NMJ;2.0
URADL;MDL03;NMJ;2.0
URADR;MDR02;NMJ;2.333333333
URADR;MDR01;NMJ;2.333333333
URADR;MDR03;NMJ;2.333333333
URAVL;MVL02;NMJ;2.25
URAVL;MVL01;NMJ;2.25
URAVL;MVL04;NMJ;2.25
URAVL;MVL03;NMJ;2.25
URAVR;MVR02;NMJ;2.0
URAVR;MVR01;NMJ;2.0
URAVR;MVR04;NMJ;2.0
URAVR;MVR03;NMJ;2.0
VA01;MVR08;NMJ;2.75
VA01;MVL08;NMJ;2.75
VA01;MVL07;NMJ;2.75
VA01;MVR07;NMJ;2.75
VA02;MVL07;NMJ;4.75
VA02;MVR07;NMJ;4.75
VA02;MVL10;NMJ;4.75
VA02;MVR10;NMJ;4.75
VA03;MVL10;NMJ;4.833333333
VA03;MVR10;NMJ;4.833333333
VA03;MVL09;NMJ;4.833333333
VA03;MVR09;NMJ;4.833333333
VA03;MVL12;NMJ;4.833333333
VA03;MVR12;NMJ;4.833333333
VA04;MVL12;NMJ;6.25
VA04;MVR12;NMJ;6.25
VA04;MVL11;NMJ;6.25
VA04;MVR11;NMJ;6.25
VA05;MVL11;NMJ;4.75
VA05;MVR11;NMJ;4.75
VA05;MVL14;NMJ;4.75
VA05;MVR14;NMJ;4.75
VA06;MVL14;NMJ;5.0
VA06;MVR14;NMJ;5.0
VA06;MVL13;NMJ;5.0
VA06;MVR13;NMJ;5.0
VA07;MVL13;NMJ;3.857142857
VA07;MVR13;NMJ;3.857142857
VA07;MVL16;NMJ;3.857142857
VA07;MVR16;NMJ;3.857142857
VA07;MVL15;NMJ;3.857142857
VA07;MVR15;NMJ;3.857142857
VA07;MVULVA;NMJ;3.857142857
VA08;MVL16;NMJ;5.75
VA08;MVR16;NMJ;5.75
VA08;MVL15;NMJ;5.75
VA08;MVR15;NMJ;5.75
VA09;MVL15;NMJ;4.675675676
VA09;MVR15;NMJ;4.675675676
VA09;MVL18;NMJ;4.675675676
VA09;MVR18;NMJ;4.675675676
VA10;MVL17;NMJ;4.675675676
VA10;MVR17;NMJ;4.675675676
VA10;MVL18;NMJ;4.675675676
VA10;MVR18;NMJ;4.675675676
VA11;MVL19;NMJ;4.675675676
VA11;MVR19;NMJ;4.675675676
VA11;MVL20;NMJ;4.675675676
VA11;MVR20;NMJ;4.675675676
VA12;MVL21;NMJ;4.675675676
VA12;MVR22;NMJ;4.675675676
VA12;MVL22;NMJ;4.675675676
VA12;MVR21;NMJ;4.675675676
VB01;MVR08;NMJ;1.25
VB01;MVL08;NMJ;1.25
VB01;MVL07;NMJ;1.25
VB01;MVR07;NMJ;1.25
VB02;MVL07;NMJ;3.25
VB02;MVR07;NMJ;3.25
VB02;MVL10;NMJ;3.25
VB02;MVR10;NMJ;3.25
VB02;MVL09;NMJ;3.25
VB02;MVR09;NMJ;3.25
VB02;MVL12;NMJ;3.25
VB02;MVR12;NMJ;3.25
VB03;MVL12;NMJ;5.833333333
VB03;MVR12;NMJ;5.833333333
VB03;MVL11;NMJ;5.833333333
VB03;MVR11;NMJ;5.833333333
VB03;MVL14;NMJ;5.833333333
VB03;MVR14;NMJ;5.833333333
VB04;MVL11;NMJ;5.0
VB04;MVR11;NMJ;5.0
VB04;MVL14;NMJ;5.0
VB04;MVR14;NMJ;5.0
VB05;MVL14;NMJ;5.5
VB05;MVR14;NMJ;5.5
VB05;MVL13;NMJ;5.5
VB05;MVR13;NMJ;5.5
VB06;MVL16;NMJ;5.6
VB06;MVR16;NMJ;5.6
VB06;MVL15;NMJ;5.6
VB06;MVR15;NMJ;5.6
VB06;MVULVA;NMJ;5.6
VB07;MVL15;NMJ;4.682926829
VB07;MVR15;NMJ;4.682926829
VB08;MVL18;NMJ;5.333333333
VB08;MVR18;NMJ;5.333333333
VB08;MVL17;NMJ;5.333333333
VB08;MVR17;NMJ;5.333333333
VB08;MVL20;NMJ;5.333333333
VB08;MVR20;NMJ;5.333333333
VB09;MVL17;NMJ;6.0
VB09;MVR17;NMJ;6.0
VB09;MVL20;NMJ;6.0
VB09;MVR20;NMJ;6.0
VB10;MVL20;NMJ;4.682926829
VB10;MVR20;NMJ;4.682926829
VB10;MVL19;NMJ;4.682926829
VB10;MVR19;NMJ;4.682926829
VB11;MVL21;NMJ;4.682926829
VB11;MVR22;NMJ;4.682926829
VB11;MVL22;NMJ;4.682926829
VB11;MVR21;NMJ;4.682926829
VC01;MVULVA;NMJ;6.0
VC02;MVULVA;NMJ;10.0
VC03;MVULVA;NMJ;11.0
VC04;MVULVA;NMJ;7.0
VC05;MVULVA;NMJ;2.0
VC06;MVULVA;NMJ;1.0
VD01;MVR05;NMJ;3.0
VD01;MVL05;NMJ;3.0
VD01;MVR08;NMJ;3.0
VD01;MVL08;NMJ;3.0
VD02;MVL07;NMJ;5.5
VD02;MVR07;NMJ;5.5
VD02;MVL10;NMJ;5.5
VD02;MVR10;NMJ;5.5
VD03;MVL09;NMJ;5.75
VD03;MVR09;NMJ;5.75
VD03;MVL12;NMJ;5.75
VD03;MVR12;NMJ;5.75
VD04;MVL12;NMJ;6.25
VD04;MVR12;NMJ;6.25
VD04;MVL11;NMJ;6.25
VD04;MVR11;NMJ;6.25
VD05;MVL14;NMJ;13.0
VD05;MVR14;NMJ;13.0
VD06;MVL14;NMJ;4.5
VD06;MVR14;NMJ;4.5
VD06;MVL13;NMJ;4.5
VD06;MVR13;NMJ;4.5
VD06;MVL16;NMJ;4.5
VD06;MVR16;NMJ;4.5
VD07;MVL16;NMJ;4.8
VD07;MVR16;NMJ;4.8
VD07;MVL15;NMJ;4.8
VD07;MVR15;NMJ;4.8
VD07;MVULVA;NMJ;4.8
VD08;MVL15;NMJ;12.5
VD08;MVR15;NMJ;12.5
VD09;MVL18;NMJ;7.0
VD09;MVR18;NMJ;7.0
VD09;MVL17;NMJ;7.0
VD09;MVR17;NMJ;7.0
VD10;MVL17;NMJ;5.5
VD10;MVR17;NMJ;5.5
VD10;MVL20;NMJ;5.5
VD10;MVR20;NMJ;5.5
VD11;MVL20;NMJ;5.744186047
VD11;MVR20;NMJ;5.744186047
VD11;MVL19;NMJ;5.744186047
VD11;MVR19;NMJ;5.744186047
VD12;MVL19;NMJ;3.25
VD12;MVR19;NMJ;3.25
VD12;MVL21;NMJ;3.25
VD12;MVR22;NMJ;3.25
VD13;MVL21;NMJ;5.744186047
VD13;MVR22;NMJ;5.744186047
VD13;MVL22;NMJ;5.744186047
VD13;MVR21;NMJ;5.744186047
VD13;MVL23;NMJ;5.744186047
VD13;MVR23;NMJ;5.744186047
VD13;MVR24;NMJ;5.744186047
VB11;MVL23;NMJ;4.682926829
VB11;MVR23;NMJ;4.682926829
VB11;MVR24;NMJ;4.682926829
VA12;MVL23;NMJ;4.675675676
VA12;MVR23;NMJ;4.675675676
VA12;MVR24;NMJ;4.675675676
DD06;MDL24;NMJ;4.7
DD06;MDL23;NMJ;4.7
DD06;MDR24;NMJ;4.7
DD06;MDR23;NMJ;4.7
DB07;MDL24;NMJ;2.6
DB07;MDL23;NMJ;2.6
DB07;MDR24;NMJ;2.6
DB07;MDR23;NMJ;2.6
DA09;MDL24;NMJ;4.0
DA09;MDL23;NMJ;4.0
DA09;MDR24;NMJ;4.0
DA09;MDR23;NMJ;4.0
AS11;MDL24;NMJ;2.708333333
AS11;MDL23;NMJ;2.708333333
AS11;MDR24;NMJ;2.708333333
AS11;MDR23;NMJ;2.708333333
